x,y,z,timestamp
-0.61,0.18,0.06,2025-09-02 18:12:52.169
-0.61,0.18,0.0,2025-09-02 18:12:53.194
-0.55,0.24,0.06,2025-09-02 18:12:54.213
-0.55,0.18,0.06,2025-09-02 18:12:55.239
-0.61,0.18,0.0,2025-09-02 18:12:56.059
4.64,-1.34,-0.31,2025-09-02 18:12:57.089
4.09,12.21,34.36,2025-09-02 18:12:58.103
3.42,4.09,-6.59,2025-09-02 18:12:59.132
0.31,0.55,0.18,2025-09-02 18:13:00.153
0.24,0.85,-0.61,2025-09-02 18:13:01.183
-1.59,0.79,0.06,2025-09-02 18:13:02.199
0.18,0.43,0.0,2025-09-02 18:13:03.229
-1.1,0.18,0.06,2025-09-02 18:13:03.734
-1.4,-4.76,-7.2,2025-09-02 18:13:05.273
1.1,-0.43,1.34,2025-09-02 18:13:06.093
-2.81,2.99,-5.43,2025-09-02 18:13:07.124
-10.62,0.98,-5.74,2025-09-02 18:13:08.144
-3.17,-1.34,8.0,2025-09-02 18:13:09.163
-1.04,0.37,-0.79,2025-09-02 18:13:10.193
-2.32,-1.16,-3.78,2025-09-02 18:13:11.212
-0.85,-0.12,-0.12,2025-09-02 18:13:12.232
-0.61,-0.31,0.06,2025-09-02 18:13:13.258
-0.37,0.92,-0.37,2025-09-02 18:13:14.288
-2.32,0.37,-4.09,2025-09-02 18:13:15.318
-2.08,0.73,-0.24,2025-09-02 18:13:16.124
-1.53,0.24,-1.65,2025-09-02 18:13:17.148
-0.37,0.55,0.24,2025-09-02 18:13:18.178
-1.59,0.24,-1.59,2025-09-02 18:13:19.198
-0.06,0.18,0.37,2025-09-02 18:13:20.222
313.29,105.77,-55.48,2025-09-02 18:13:21.253
-0.55,0.18,0.0,2025-09-02 18:13:22.269
-0.55,0.18,0.0,2025-09-02 18:13:23.292
-0.55,0.18,0.0,2025-09-02 18:13:24.351
-0.61,0.24,0.0,2025-09-02 18:13:25.344
-0.61,0.24,0.0,2025-09-02 18:13:26.169
-0.61,0.18,0.0,2025-09-02 18:13:27.210
-0.55,0.18,0.0,2025-09-02 18:13:28.209
-0.85,0.06,0.0,2025-09-02 18:13:29.233
-0.55,0.18,0.0,2025-09-02 18:13:30.263
-0.61,0.18,0.0,2025-09-02 18:13:31.285
-0.61,0.12,0.06,2025-09-02 18:13:32.303
-0.55,0.18,0.0,2025-09-02 18:13:33.332
-0.55,0.18,0.0,2025-09-02 18:13:34.358
-0.55,0.18,0.0,2025-09-02 18:13:35.378
-0.49,0.18,0.0,2025-09-02 18:13:36.412
-0.55,0.24,0.0,2025-09-02 18:13:37.223
-0.55,0.18,0.0,2025-09-02 18:13:38.253
-0.55,0.18,0.0,2025-09-02 18:13:39.273
-0.55,0.24,0.06,2025-09-02 18:13:40.309
-0.55,0.18,0.0,2025-09-02 18:13:41.323
-0.55,0.18,0.0,2025-09-02 18:13:42.343
-0.55,0.18,0.0,2025-09-02 18:13:43.363
-0.61,0.18,0.0,2025-09-02 18:13:44.400
-0.61,0.18,0.06,2025-09-02 18:13:45.413
-0.61,0.18,0.0,2025-09-02 18:13:46.443
-0.61,0.24,0.0,2025-09-02 18:13:47.253
-0.61,0.18,0.0,2025-09-02 18:13:48.278
-0.61,0.18,0.0,2025-09-02 18:13:49.329
-0.61,0.18,0.06,2025-09-02 18:13:50.332
-0.55,0.18,0.0,2025-09-02 18:13:51.358
-0.61,0.18,0.06,2025-09-02 18:13:52.375
-0.55,0.18,0.0,2025-09-02 18:13:53.402
-0.61,0.18,0.0,2025-09-02 18:13:54.422
-0.55,0.24,0.06,2025-09-02 18:13:55.448
-0.55,0.18,0.0,2025-09-02 18:13:56.473
-0.61,0.24,0.0,2025-09-02 18:13:57.293
-0.55,0.24,0.0,2025-09-02 18:13:58.319
-0.55,0.18,0.0,2025-09-02 18:13:59.338
-0.55,0.24,0.0,2025-09-02 18:14:00.368
-0.61,0.18,0.06,2025-09-02 18:14:01.394
-0.55,0.24,0.06,2025-09-02 18:14:02.413
-0.61,0.18,0.0,2025-09-02 18:14:03.433
-0.61,0.18,0.0,2025-09-02 18:14:04.463
-0.61,0.18,0.06,2025-09-02 18:14:05.483
-0.61,0.24,0.0,2025-09-02 18:14:06.512
0.67,-0.06,15.81,2025-09-02 18:14:07.328
28.2,-1.53,-44.8,2025-09-02 18:14:08.352
-0.55,0.12,10.13,2025-09-02 18:14:10.383
-0.55,0.12,2.62,2025-09-02 18:14:10.408
-0.55,0.18,0.0,2025-09-02 18:14:11.427
-0.61,0.18,0.06,2025-09-02 18:14:12.447
-0.49,0.06,17.09,2025-09-02 18:14:13.472
-0.61,0.24,0.0,2025-09-02 18:14:15.092
-0.55,0.12,0.0,2025-09-02 18:14:15.522
-0.55,0.18,0.0,2025-09-02 18:14:16.542
-0.61,0.24,0.0,2025-09-02 18:14:17.363
-0.49,0.24,0.0,2025-09-02 18:14:18.383
-0.55,0.18,0.0,2025-09-02 18:14:19.468
-0.61,0.24,0.0,2025-09-02 18:14:20.433
-0.61,0.24,0.0,2025-09-02 18:14:21.462
-0.55,0.18,0.0,2025-09-02 18:14:22.482
7.57,10.19,-15.08,2025-09-02 18:14:23.502
-103.09,-46.94,71.11,2025-09-02 18:14:24.531
-4.7,2.5,-1.83,2025-09-02 18:14:25.551
0.49,5.07,1.89,2025-09-02 18:14:26.581
1.16,3.54,3.05,2025-09-02 18:14:27.397
0.12,2.56,8.12,2025-09-02 18:14:28.422
-2.01,1.59,6.84,2025-09-02 18:14:29.447
0.67,3.42,-4.52,2025-09-02 18:14:30.467
-0.06,0.43,-0.49,2025-09-02 18:14:31.497
0.73,1.34,-1.4,2025-09-02 18:14:32.553
3.05,1.89,-0.67,2025-09-02 18:14:33.537
1.65,1.16,0.24,2025-09-02 18:14:34.561
-3.78,-0.55,-0.18,2025-09-02 18:14:35.591
-1.89,0.31,-0.31,2025-09-02 18:14:36.611
-0.92,-0.18,2.32,2025-09-02 18:14:37.437
33.94,-57.07,-13.12,2025-09-02 18:14:38.457
-3.48,1.22,0.55,2025-09-02 18:14:39.491
-0.49,0.18,0.06,2025-09-02 18:14:40.507
-0.49,0.18,0.0,2025-09-02 18:14:41.527
-0.55,0.18,0.0,2025-09-02 18:14:42.551
-0.61,0.18,0.0,2025-09-02 18:14:43.577
-0.61,0.18,0.0,2025-09-02 18:14:44.596
-0.61,0.18,0.06,2025-09-02 18:14:45.622
-0.61,0.18,0.0,2025-09-02 18:14:46.651
-0.61,0.18,0.0,2025-09-02 18:14:47.472
-0.55,0.18,0.06,2025-09-02 18:14:48.492
-0.61,0.18,0.0,2025-09-02 18:14:49.512
-0.61,0.18,0.0,2025-09-02 18:14:50.542
-0.55,0.18,0.06,2025-09-02 18:14:51.567
-0.55,0.18,0.0,2025-09-02 18:14:52.587
-0.61,0.18,0.0,2025-09-02 18:14:53.607
-0.55,0.18,0.0,2025-09-02 18:14:54.637
-0.61,0.18,0.0,2025-09-02 18:14:55.657
-0.61,0.24,0.06,2025-09-02 18:14:56.682
-0.61,0.18,0.0,2025-09-02 18:14:57.501
-0.55,0.18,0.0,2025-09-02 18:14:58.522
-0.67,0.24,0.0,2025-09-02 18:14:59.552
-0.61,0.18,0.0,2025-09-02 18:15:00.572
-0.61,0.18,0.0,2025-09-02 18:15:01.603
-0.55,0.18,0.06,2025-09-02 18:15:02.626
-0.55,0.18,0.0,2025-09-02 18:15:03.650
-0.55,0.18,0.0,2025-09-02 18:15:04.667
-0.55,0.18,0.0,2025-09-02 18:15:05.703
-0.55,0.18,0.0,2025-09-02 18:15:06.721
-0.61,0.18,0.0,2025-09-02 18:15:07.543
-0.55,0.18,0.0,2025-09-02 18:15:08.564
-0.61,0.18,0.06,2025-09-02 18:15:09.582
-0.55,0.24,0.06,2025-09-02 18:15:10.611
-0.61,0.18,0.06,2025-09-02 18:15:11.641
-0.61,0.18,0.06,2025-09-02 18:15:12.662
-0.55,0.18,0.06,2025-09-02 18:15:13.676
-0.55,0.18,0.0,2025-09-02 18:15:14.702
-0.61,0.24,0.06,2025-09-02 18:15:15.726
-0.55,0.18,0.0,2025-09-02 18:15:16.751
-0.61,0.18,0.0,2025-09-02 18:15:17.781
-0.61,0.18,0.0,2025-09-02 18:15:18.601
-0.61,0.24,0.0,2025-09-02 18:15:19.621
-0.67,0.24,0.0,2025-09-02 18:15:20.641
-0.55,0.18,0.0,2025-09-02 18:15:21.671
-0.55,0.24,0.0,2025-09-02 18:15:22.691
-0.55,0.18,0.0,2025-09-02 18:15:23.716
-0.61,0.24,0.0,2025-09-02 18:15:24.741
-0.55,0.18,0.0,2025-09-02 18:15:25.771
-0.55,0.18,0.0,2025-09-02 18:15:26.792
-0.55,0.18,0.0,2025-09-02 18:15:27.811
-0.55,0.18,0.0,2025-09-02 18:15:28.631
-0.61,0.24,0.06,2025-09-02 18:15:29.652
-0.61,0.24,0.0,2025-09-02 18:15:30.681
-0.55,0.18,0.0,2025-09-02 18:15:31.701
-0.55,0.18,0.0,2025-09-02 18:15:32.731
-0.55,0.18,0.0,2025-09-02 18:15:33.752
-0.61,0.18,0.0,2025-09-02 18:15:34.776
-0.55,0.18,0.0,2025-09-02 18:15:35.796
-0.61,0.24,0.06,2025-09-02 18:15:36.826
-0.61,0.18,0.0,2025-09-02 18:15:37.846
-0.49,0.24,0.0,2025-09-02 18:15:38.671
-0.61,0.24,0.06,2025-09-02 18:15:39.691
-0.61,0.18,0.0,2025-09-02 18:15:40.711
-0.55,0.18,0.0,2025-09-02 18:15:41.742
-0.61,0.18,0.0,2025-09-02 18:15:42.766
-0.61,0.18,0.0,2025-09-02 18:15:43.791
-0.55,0.24,0.0,2025-09-02 18:15:44.812
-0.55,0.18,0.0,2025-09-02 18:15:45.836
-0.55,0.18,0.0,2025-09-02 18:15:46.856
-0.61,0.18,0.0,2025-09-02 18:15:47.884
-0.92,0.18,0.06,2025-09-02 18:15:48.706
-0.61,0.18,0.06,2025-09-02 18:15:49.732
-0.61,0.24,0.06,2025-09-02 18:15:50.750
-0.55,0.18,0.0,2025-09-02 18:15:51.770
-0.61,0.18,0.0,2025-09-02 18:15:52.795
-0.49,0.18,0.0,2025-09-02 18:15:53.826
-0.61,0.18,0.06,2025-09-02 18:15:54.847
-0.49,0.24,0.0,2025-09-02 18:15:55.871
-0.61,0.18,-0.06,2025-09-02 18:15:56.896
-0.43,0.18,0.0,2025-09-02 18:15:57.915
-0.61,0.18,0.0,2025-09-02 18:15:58.746
-0.55,0.18,0.0,2025-09-02 18:15:59.756
-0.61,0.24,0.0,2025-09-02 18:16:00.780
-0.61,0.18,0.0,2025-09-02 18:16:01.810
-0.61,0.24,0.0,2025-09-02 18:16:02.835
-0.61,0.24,0.06,2025-09-02 18:16:03.856
-0.55,0.18,0.06,2025-09-02 18:16:04.879
-0.61,0.24,0.06,2025-09-02 18:16:05.901
-0.85,0.24,0.0,2025-09-02 18:16:06.926
-0.18,0.24,0.06,2025-09-02 18:16:07.951
-0.55,0.18,0.06,2025-09-02 18:16:08.771
-0.55,0.24,0.0,2025-09-02 18:16:09.796
-0.55,0.24,0.0,2025-09-02 18:16:10.826
-0.55,0.18,0.0,2025-09-02 18:16:11.846
-0.61,0.18,0.0,2025-09-02 18:16:12.876
-0.61,0.18,0.0,2025-09-02 18:16:13.891
-0.55,0.18,0.06,2025-09-02 18:16:14.921
-0.61,0.18,0.06,2025-09-02 18:16:15.941
-0.55,0.18,0.0,2025-09-02 18:16:16.984
-0.55,0.18,0.0,2025-09-02 18:16:17.986
-0.55,0.24,0.0,2025-09-02 18:16:18.806
-0.61,0.18,0.0,2025-09-02 18:16:19.833
-0.55,0.18,0.0,2025-09-02 18:16:20.851
-0.61,0.24,0.0,2025-09-02 18:16:21.881
-0.55,0.24,0.0,2025-09-02 18:16:22.901
-0.55,0.18,0.0,2025-09-02 18:16:23.930
-0.55,0.18,0.0,2025-09-02 18:16:24.955
-0.55,0.18,0.0,2025-09-02 18:16:25.981
-0.61,0.18,0.0,2025-09-02 18:16:27.021
-0.55,0.18,0.0,2025-09-02 18:16:28.021
-0.55,0.18,0.0,2025-09-02 18:16:28.849
-0.61,0.18,0.0,2025-09-02 18:16:29.875
-0.55,0.18,0.0,2025-09-02 18:16:30.892
-0.61,0.18,0.0,2025-09-02 18:16:31.931
-0.61,0.18,0.0,2025-09-02 18:16:32.937
-0.55,0.18,0.0,2025-09-02 18:16:33.961
-0.61,0.24,0.0,2025-09-02 18:16:34.991
-0.67,0.18,0.06,2025-09-02 18:16:36.011
-0.61,0.18,0.06,2025-09-02 18:16:37.030
-0.61,0.18,0.06,2025-09-02 18:16:38.096
-0.61,0.24,0.0,2025-09-02 18:16:38.880
-0.55,0.18,0.0,2025-09-02 18:16:39.900
-0.55,0.18,0.0,2025-09-02 18:16:40.930
-0.55,0.18,0.0,2025-09-02 18:16:41.950
-0.61,0.18,0.0,2025-09-02 18:16:42.970
-0.61,0.18,0.0,2025-09-02 18:16:44.000
-0.67,0.18,0.0,2025-09-02 18:16:45.021
-0.49,0.24,0.0,2025-09-02 18:16:46.045
-0.55,0.18,0.0,2025-09-02 18:16:47.070
-0.61,0.18,0.0,2025-09-02 18:16:48.090
-0.79,0.18,0.06,2025-09-02 18:16:49.120
-0.43,0.24,0.0,2025-09-02 18:16:49.940
-0.61,0.18,0.06,2025-09-02 18:16:50.960
-0.61,0.24,0.06,2025-09-02 18:16:51.987
-0.61,0.24,0.0,2025-09-02 18:16:53.009
-0.61,0.18,0.0,2025-09-02 18:16:54.033
-0.55,0.18,0.0,2025-09-02 18:16:55.059
-0.61,0.18,0.0,2025-09-02 18:16:56.081
-0.55,0.18,0.06,2025-09-02 18:16:57.100
-0.61,0.18,0.06,2025-09-02 18:16:58.129
-0.55,0.18,0.0,2025-09-02 18:16:59.151
-0.55,0.18,0.06,2025-09-02 18:17:00.315
-0.55,0.18,0.06,2025-09-02 18:17:00.995
-0.61,0.24,0.0,2025-09-02 18:17:02.015
-0.55,0.18,0.06,2025-09-02 18:17:03.045
-0.55,0.18,0.06,2025-09-02 18:17:04.070
-0.61,0.18,0.0,2025-09-02 18:17:05.112
-0.67,0.24,0.06,2025-09-02 18:17:06.120
-0.55,0.18,0.06,2025-09-02 18:17:07.140
-1.04,-0.18,-0.06,2025-09-02 18:17:08.160
0.37,0.18,0.0,2025-09-02 18:17:09.190
-0.12,0.18,0.12,2025-09-02 18:17:10.009
-0.37,0.18,0.0,2025-09-02 18:17:11.031
-0.98,0.31,-0.06,2025-09-02 18:17:12.056
-0.43,0.18,0.0,2025-09-02 18:17:13.085
0.18,0.67,0.0,2025-09-02 18:17:14.101
-0.37,0.18,0.0,2025-09-02 18:17:15.130
-0.67,0.12,0.06,2025-09-02 18:17:16.150
-0.98,0.0,0.0,2025-09-02 18:17:17.171
-0.18,0.37,0.06,2025-09-02 18:17:18.200
3.3,2.32,0.06,2025-09-02 18:17:19.225
-0.24,0.37,0.0,2025-09-02 18:17:20.045
-0.67,0.24,0.0,2025-09-02 18:17:21.070
-0.55,0.18,0.06,2025-09-02 18:17:22.090
-0.61,0.18,0.0,2025-09-02 18:17:23.115
-0.55,0.18,0.0,2025-09-02 18:17:24.135
-0.61,0.24,0.0,2025-09-02 18:17:25.167
-0.61,0.24,0.06,2025-09-02 18:17:26.190
-0.55,0.18,0.0,2025-09-02 18:17:27.210
-0.55,0.18,0.0,2025-09-02 18:17:28.229
-0.55,0.18,0.0,2025-09-02 18:17:29.259
-0.55,0.18,0.0,2025-09-02 18:17:30.080
-0.55,0.24,0.0,2025-09-02 18:17:31.100
-0.55,0.24,0.0,2025-09-02 18:17:32.120
-0.49,0.24,0.0,2025-09-02 18:17:33.145
32.23,-25.57,119.08,2025-09-02 18:17:34.170
14.59,2.38,-10.01,2025-09-02 18:17:35.200
3.48,10.38,-8.18,2025-09-02 18:17:36.220
13.0,-6.84,-28.63,2025-09-02 18:17:37.250
-0.55,-0.85,-1.1,2025-09-02 18:17:38.269
-50.05,34.85,-41.81,2025-09-02 18:17:39.290
0.06,3.97,3.72,2025-09-02 18:17:40.109
3.17,-13.37,2.38,2025-09-02 18:17:41.139
-1.16,1.59,-0.18,2025-09-02 18:17:42.160
0.06,0.37,0.37,2025-09-02 18:17:43.184
-0.79,0.49,0.0,2025-09-02 18:17:44.208
-0.92,0.61,0.37,2025-09-02 18:17:45.234
-43.21,93.38,0.12,2025-09-02 18:17:46.259
3.42,-0.18,-4.94,2025-09-02 18:17:47.286
-0.55,-0.73,-1.59,2025-09-02 18:17:48.300
-2.14,-0.73,-0.79,2025-09-02 18:17:49.328
-0.73,0.43,0.18,2025-09-02 18:17:50.365
-0.31,0.18,-1.65,2025-09-02 18:17:51.170
-0.55,-0.12,0.06,2025-09-02 18:17:52.195
0.37,-2.75,-0.43,2025-09-02 18:17:53.214
-0.24,0.85,0.0,2025-09-02 18:17:54.248
-0.92,-0.49,-0.31,2025-09-02 18:17:55.264
0.98,-0.85,-1.34,2025-09-02 18:17:56.295
-0.85,0.18,0.43,2025-09-02 18:17:57.319
-1.16,0.18,0.0,2025-09-02 18:17:58.339
17.94,-15.26,33.08,2025-09-02 18:17:59.359
0.0,-0.67,0.49,2025-09-02 18:18:00.179
0.61,-4.09,-4.58,2025-09-02 18:18:01.208
-0.79,-0.31,-0.92,2025-09-02 18:18:02.240
-0.92,-0.24,-1.34,2025-09-02 18:18:03.249
-13.43,8.18,5.13,2025-09-02 18:18:04.285
-6.71,2.2,13.85,2025-09-02 18:18:05.300
-0.49,-0.18,0.37,2025-09-02 18:18:06.329
2.14,-7.2,-8.48,2025-09-02 18:18:07.349
1.71,0.18,-1.65,2025-09-02 18:18:08.369
2.75,4.21,-4.76,2025-09-02 18:18:09.399
1.4,2.62,1.65,2025-09-02 18:18:10.419
-0.92,1.04,0.79,2025-09-02 18:18:11.239
-0.43,0.12,0.18,2025-09-02 18:18:12.268
-2.62,-4.7,-1.59,2025-09-02 18:18:13.289
-0.43,-3.36,-1.89,2025-09-02 18:18:14.309
1.46,3.6,-1.53,2025-09-02 18:18:15.333
0.12,2.56,1.22,2025-09-02 18:18:16.363
-0.18,0.43,0.06,2025-09-02 18:18:17.383
-0.43,-0.06,-0.24,2025-09-02 18:18:18.409
0.67,0.55,-0.06,2025-09-02 18:18:19.439
0.0,-1.16,-0.49,2025-09-02 18:18:20.459
-0.61,0.92,-0.49,2025-09-02 18:18:21.283
-1.04,0.67,0.24,2025-09-02 18:18:22.303
-0.55,0.24,-0.24,2025-09-02 18:18:23.324
-0.73,-1.28,-0.12,2025-09-02 18:18:24.348
-0.61,2.32,1.77,2025-09-02 18:18:25.377
0.0,4.94,0.31,2025-09-02 18:18:26.394
0.24,0.12,-0.67,2025-09-02 18:18:27.423
-3.23,-8.67,-0.12,2025-09-02 18:18:28.443
-0.73,0.98,0.49,2025-09-02 18:18:29.468
-0.12,2.69,0.24,2025-09-02 18:18:30.499
0.31,3.11,0.31,2025-09-02 18:18:31.309
-82.89,101.87,63.78,2025-09-02 18:18:32.338
1.83,0.55,0.55,2025-09-02 18:18:33.358
-0.43,0.24,-0.18,2025-09-02 18:18:34.379
0.18,0.24,-0.85,2025-09-02 18:18:35.403
40.28,-0.18,-28.56,2025-09-02 18:18:36.434
-3.6,-0.61,0.67,2025-09-02 18:18:37.453
-0.61,0.12,0.0,2025-09-02 18:18:38.479
-0.55,0.18,0.0,2025-09-02 18:18:39.498
-0.61,0.18,0.06,2025-09-02 18:18:40.527
-0.55,0.18,0.0,2025-09-02 18:18:41.347
-0.61,0.18,0.06,2025-09-02 18:18:42.374
-0.61,0.18,0.06,2025-09-02 18:18:43.393
-0.55,0.18,0.0,2025-09-02 18:18:44.424
-0.55,0.18,0.0,2025-09-02 18:18:45.438
-0.55,0.18,0.06,2025-09-02 18:18:46.468
-0.61,0.24,0.0,2025-09-02 18:18:47.488
-0.55,0.18,0.0,2025-09-02 18:18:48.513
-0.55,0.18,0.0,2025-09-02 18:18:49.533
-0.55,0.24,0.0,2025-09-02 18:18:50.568
-0.61,0.18,0.0,2025-09-02 18:18:51.584
-0.61,0.24,0.0,2025-09-02 18:18:52.403
-0.55,0.18,0.0,2025-09-02 18:18:53.427
-0.55,0.18,0.0,2025-09-02 18:18:54.448
-0.61,0.18,0.0,2025-09-02 18:18:55.478
-0.61,0.24,0.0,2025-09-02 18:18:56.498
-0.55,0.24,0.0,2025-09-02 18:18:57.544
-0.55,0.18,0.0,2025-09-02 18:18:58.553
-0.55,0.24,0.0,2025-09-02 18:18:59.573
-0.61,0.18,0.06,2025-09-02 18:19:00.596
-0.55,0.24,0.0,2025-09-02 18:19:01.417
-0.55,0.18,0.0,2025-09-02 18:19:02.441
-0.55,0.18,0.0,2025-09-02 18:19:03.463
-0.55,0.24,0.06,2025-09-02 18:19:04.488
-0.61,0.18,0.06,2025-09-02 18:19:05.512
-0.61,0.24,0.0,2025-09-02 18:19:06.538
-0.55,0.24,0.0,2025-09-02 18:19:07.558
-0.61,0.24,0.0,2025-09-02 18:19:08.588
-0.55,0.18,0.0,2025-09-02 18:19:09.613
-0.61,0.24,0.0,2025-09-02 18:19:10.633
-0.55,0.18,0.0,2025-09-02 18:19:11.453
-0.61,0.24,0.06,2025-09-02 18:19:12.476
-0.61,0.18,0.0,2025-09-02 18:19:13.497
-0.61,0.24,0.0,2025-09-02 18:19:14.518
-0.55,0.18,0.0,2025-09-02 18:19:15.543
-0.55,0.18,0.0,2025-09-02 18:19:16.578
-0.55,0.18,0.0,2025-09-02 18:19:17.653
-0.61,0.24,0.0,2025-09-02 18:19:18.627
-0.55,0.18,0.0,2025-09-02 18:19:19.648
-0.61,0.18,0.0,2025-09-02 18:19:20.668
-0.55,0.18,0.0,2025-09-02 18:19:21.698
-0.55,0.24,0.06,2025-09-02 18:19:22.525
-0.55,0.24,0.0,2025-09-02 18:19:23.537
-0.67,0.18,0.06,2025-09-02 18:19:24.569
-0.55,0.18,0.0,2025-09-02 18:19:25.578
-0.61,0.24,0.06,2025-09-02 18:19:26.606
-0.55,0.18,0.0,2025-09-02 18:19:27.642
-0.61,0.24,0.0,2025-09-02 18:19:28.657
-0.61,0.24,0.0,2025-09-02 18:19:29.679
-0.55,0.18,0.0,2025-09-02 18:19:30.698
-0.49,0.18,0.0,2025-09-02 18:19:31.517
-0.55,0.18,0.0,2025-09-02 18:19:32.558
-0.61,0.24,0.0,2025-09-02 18:19:33.568
-0.55,0.18,0.0,2025-09-02 18:19:34.592
-0.55,0.18,0.06,2025-09-02 18:19:35.616
-0.55,0.18,0.0,2025-09-02 18:19:36.642
-0.61,0.24,0.0,2025-09-02 18:19:37.677
-0.61,0.18,0.06,2025-09-02 18:19:38.696
-0.55,0.18,0.0,2025-09-02 18:19:39.717
-0.61,0.24,0.0,2025-09-02 18:19:40.732
-0.61,0.18,0.06,2025-09-02 18:19:41.766
-0.55,0.18,0.06,2025-09-02 18:19:42.577
-0.61,0.24,0.0,2025-09-02 18:19:43.606
-0.55,0.18,0.0,2025-09-02 18:19:44.626
-0.61,0.18,0.0,2025-09-02 18:19:45.663
-0.55,0.18,0.0,2025-09-02 18:19:46.677
-0.61,0.24,0.0,2025-09-02 18:19:47.698
-0.55,0.18,0.0,2025-09-02 18:19:48.726
-0.61,0.18,0.0,2025-09-02 18:19:50.312
-0.61,0.18,0.06,2025-09-02 18:19:50.767
-0.55,0.18,0.0,2025-09-02 18:19:51.792
-0.61,0.24,0.0,2025-09-02 18:19:52.612
-0.55,0.18,0.0,2025-09-02 18:19:53.636
-0.55,0.18,0.0,2025-09-02 18:19:54.662
-0.61,0.18,0.0,2025-09-02 18:19:55.685
-0.61,0.24,0.0,2025-09-02 18:19:56.724
-0.55,0.18,0.0,2025-09-02 18:19:57.736
-0.61,0.18,0.0,2025-09-02 18:19:58.762
-0.61,0.18,0.06,2025-09-02 18:19:59.787
-0.61,0.24,0.0,2025-09-02 18:20:00.807
-0.55,0.18,0.06,2025-09-02 18:20:01.827
-0.55,0.18,0.0,2025-09-02 18:20:02.652
-0.55,0.18,0.06,2025-09-02 18:20:03.677
-0.61,0.18,0.06,2025-09-02 18:20:05.105
-0.55,0.18,0.0,2025-09-02 18:20:05.722
-0.61,0.18,0.0,2025-09-02 18:20:06.747
-0.61,0.18,0.0,2025-09-02 18:20:07.771
-0.61,0.18,0.06,2025-09-02 18:20:08.798
-0.55,0.18,0.0,2025-09-02 18:20:09.817
-0.61,0.18,0.0,2025-09-02 18:20:10.837
-0.55,0.18,0.06,2025-09-02 18:20:11.867
-0.55,0.18,0.0,2025-09-02 18:20:12.685
-0.55,0.18,0.0,2025-09-02 18:20:13.717
-0.55,0.18,0.0,2025-09-02 18:20:14.737
-0.61,0.18,0.0,2025-09-02 18:20:15.757
-0.61,0.24,0.0,2025-09-02 18:20:16.777
-0.55,0.24,0.0,2025-09-02 18:20:17.806
-0.55,0.24,0.0,2025-09-02 18:20:18.826
-0.61,0.18,0.0,2025-09-02 18:20:19.851
-0.55,0.18,0.0,2025-09-02 18:20:20.877
-0.61,0.18,0.0,2025-09-02 18:20:21.897
-0.61,0.18,0.0,2025-09-02 18:20:22.716
-0.55,0.18,0.0,2025-09-02 18:20:23.742
-0.55,0.18,0.0,2025-09-02 18:20:24.772
-0.55,0.18,0.0,2025-09-02 18:20:25.792
-0.61,0.18,0.0,2025-09-02 18:20:26.811
-0.55,0.18,0.0,2025-09-02 18:20:27.835
-0.61,0.18,0.0,2025-09-02 18:20:28.864
-0.55,0.18,0.0,2025-09-02 18:20:29.887
-0.61,0.24,0.0,2025-09-02 18:20:30.912
-0.61,0.18,0.0,2025-09-02 18:20:31.932
-0.55,0.18,0.0,2025-09-02 18:20:32.752
-0.55,0.18,0.06,2025-09-02 18:20:33.785
-0.61,0.18,0.0,2025-09-02 18:20:34.806
-0.61,0.18,0.06,2025-09-02 18:20:35.831
-393.01,-204.04,118.29,2025-09-02 18:20:36.851
97.6,45.53,13.31,2025-09-02 18:20:37.872
9.46,-2.32,-6.47,2025-09-02 18:20:38.895
62.26,-1.95,52.19,2025-09-02 18:20:39.922
-0.12,0.49,-0.24,2025-09-02 18:20:40.946
-0.12,-0.37,0.18,2025-09-02 18:20:41.966
0.0,-0.61,-0.49,2025-09-02 18:20:42.786
0.24,-0.06,-1.04,2025-09-02 18:20:43.811
-0.73,-2.32,0.0,2025-09-02 18:20:44.836
-16.11,-31.19,-87.65,2025-09-02 18:20:45.866
-36.19,34.42,27.89,2025-09-02 18:20:46.886
-0.98,0.06,0.31,2025-09-02 18:20:47.914
9.16,1.4,-5.19,2025-09-02 18:20:48.935
0.37,0.37,-0.06,2025-09-02 18:20:49.955
-1.16,0.0,-0.24,2025-09-02 18:20:50.981
-0.98,0.55,0.06,2025-09-02 18:20:52.001
0.31,-0.31,-0.12,2025-09-02 18:20:52.821
-0.55,0.43,0.0,2025-09-02 18:20:53.847
40.83,5.31,45.17,2025-09-02 18:20:54.876
-1.04,1.22,-0.12,2025-09-02 18:20:55.896
-0.61,-1.34,-0.85,2025-09-02 18:20:56.922
-0.55,0.61,-0.06,2025-09-02 18:20:57.946
-0.55,0.49,0.12,2025-09-02 18:20:58.966
-0.61,-0.06,-0.43,2025-09-02 18:20:59.997
-0.06,-0.43,-0.43,2025-09-02 18:21:01.016
-0.18,-0.37,-0.24,2025-09-02 18:21:02.041
2.93,-2.5,-2.14,2025-09-02 18:21:02.856
-0.37,0.37,0.24,2025-09-02 18:21:03.888
-7.63,2.75,-3.54,2025-09-02 18:21:04.906
-2.08,0.49,-3.05,2025-09-02 18:21:05.931
-1.59,1.46,1.16,2025-09-02 18:21:06.956
4.27,-1.77,3.17,2025-09-02 18:21:07.976
2.81,-0.85,3.05,2025-09-02 18:21:09.006
-0.37,-0.31,-0.31,2025-09-02 18:21:10.026
-0.31,0.37,0.37,2025-09-02 18:21:11.056
-0.61,-0.18,-0.18,2025-09-02 18:21:12.076
-0.43,0.24,0.06,2025-09-02 18:21:13.096
-0.06,0.43,0.24,2025-09-02 18:21:13.925
-0.92,0.06,-0.18,2025-09-02 18:21:14.946
-0.37,0.31,-0.12,2025-09-02 18:21:15.966
-0.18,-0.18,-0.06,2025-09-02 18:21:16.991
-0.73,0.06,0.24,2025-09-02 18:21:18.011
-0.85,-0.43,-0.49,2025-09-02 18:21:19.041
-0.67,0.43,0.06,2025-09-02 18:21:20.099
1.53,-0.37,0.67,2025-09-02 18:21:21.086
-1.1,0.79,-0.12,2025-09-02 18:21:22.116
-0.55,0.0,-0.18,2025-09-02 18:21:23.146
0.0,0.0,-0.12,2025-09-02 18:21:23.956
-54.87,14.28,26.18,2025-09-02 18:21:24.986
0.49,-1.53,-0.49,2025-09-02 18:21:26.009
0.0,-0.61,0.49,2025-09-02 18:21:27.031
1.16,-0.37,1.71,2025-09-02 18:21:28.051
0.37,-0.24,0.12,2025-09-02 18:21:29.070
-0.43,0.49,0.24,2025-09-02 18:21:30.100
-0.61,0.49,0.12,2025-09-02 18:21:31.133
-0.79,0.85,0.0,2025-09-02 18:21:32.146
0.31,1.04,0.06,2025-09-02 18:21:33.166
-0.85,0.18,-0.43,2025-09-02 18:21:33.996
-0.31,0.12,-0.24,2025-09-02 18:21:35.016
-0.55,0.55,0.18,2025-09-02 18:21:36.045
-0.73,0.31,0.18,2025-09-02 18:21:37.067
-0.67,0.18,0.31,2025-09-02 18:21:38.090
-0.79,0.0,-0.18,2025-09-02 18:21:39.111
-0.43,0.0,0.0,2025-09-02 18:21:40.149
-0.61,0.0,0.12,2025-09-02 18:21:41.160
-5.68,10.86,7.57,2025-09-02 18:21:42.185
-0.92,0.67,0.31,2025-09-02 18:21:43.206
-0.43,-0.85,1.04,2025-09-02 18:21:44.025
-1.16,-0.67,-0.24,2025-09-02 18:21:45.045
-1.16,-0.79,-0.73,2025-09-02 18:21:46.075
-0.98,-0.55,-0.12,2025-09-02 18:21:47.095
-0.61,0.55,0.06,2025-09-02 18:21:48.120
-0.43,0.12,-0.06,2025-09-02 18:21:49.145
-0.61,0.31,-0.18,2025-09-02 18:21:50.165
-0.49,0.06,-0.37,2025-09-02 18:21:51.195
-0.85,0.61,0.12,2025-09-02 18:21:52.215
-0.92,0.49,0.24,2025-09-02 18:21:53.240
-0.67,0.31,0.06,2025-09-02 18:21:54.055
-0.55,0.31,0.24,2025-09-02 18:21:55.084
-0.43,0.31,-0.06,2025-09-02 18:21:56.116
-0.49,0.06,0.18,2025-09-02 18:21:57.135
-0.67,0.31,-0.12,2025-09-02 18:21:58.160
-0.24,0.0,0.06,2025-09-02 18:21:59.180
-0.55,0.49,-0.12,2025-09-02 18:22:00.200
-0.18,0.12,-0.24,2025-09-02 18:22:01.225
-0.37,0.31,0.24,2025-09-02 18:22:02.255
-0.98,-0.24,-0.06,2025-09-02 18:22:03.275
-0.43,0.43,0.18,2025-09-02 18:22:04.305
-15.01,-13.61,8.54,2025-09-02 18:22:05.152
-0.37,0.85,0.49,2025-09-02 18:22:06.140
0.37,-0.18,0.0,2025-09-02 18:22:07.170
0.18,3.66,-0.06,2025-09-02 18:22:08.195
-4.03,4.33,3.17,2025-09-02 18:22:09.215
-0.31,0.06,-0.31,2025-09-02 18:22:10.235
-0.37,0.0,0.06,2025-09-02 18:22:11.265
-1.22,0.55,-0.31,2025-09-02 18:22:12.275
-0.12,-0.06,-0.12,2025-09-02 18:22:13.315
-0.31,-0.18,0.12,2025-09-02 18:22:14.146
-1.22,0.85,-0.43,2025-09-02 18:22:15.155
-0.49,-0.06,0.37,2025-09-02 18:22:16.175
1.22,-1.22,0.06,2025-09-02 18:22:17.209
0.73,-0.61,-0.24,2025-09-02 18:22:18.226
0.43,-1.1,0.18,2025-09-02 18:22:19.245
-0.55,1.1,-0.37,2025-09-02 18:22:20.275
-1.71,2.2,-1.34,2025-09-02 18:22:21.295
-1.65,1.04,1.1,2025-09-02 18:22:22.324
0.0,0.0,-0.49,2025-09-02 18:22:23.344
0.67,-0.43,-0.18,2025-09-02 18:22:24.374
-0.12,0.0,-0.43,2025-09-02 18:22:25.184
0.92,-0.85,0.18,2025-09-02 18:22:26.210
-0.67,0.67,0.37,2025-09-02 18:22:27.240
-0.43,0.73,0.37,2025-09-02 18:22:28.265
-2.87,8.24,3.66,2025-09-02 18:22:29.285
-0.12,-1.71,-1.04,2025-09-02 18:22:30.310
4.27,24.48,26.43,2025-09-02 18:22:31.340
0.06,-2.08,0.43,2025-09-02 18:22:32.360
-1.59,0.61,0.12,2025-09-02 18:22:33.385
-0.61,0.12,-0.49,2025-09-02 18:22:34.405
-0.73,0.12,0.12,2025-09-02 18:22:35.225
0.24,-0.24,-0.18,2025-09-02 18:22:36.244
-0.37,0.31,-0.12,2025-09-02 18:22:37.275
-0.31,-0.06,0.0,2025-09-02 18:22:38.294
-0.67,0.06,0.24,2025-09-02 18:22:39.324
-0.37,0.31,0.31,2025-09-02 18:22:40.345
-0.43,0.24,0.18,2025-09-02 18:22:41.369
-0.79,0.37,-0.12,2025-09-02 18:22:42.394
-0.73,0.24,0.0,2025-09-02 18:22:43.414
-0.43,0.24,-0.31,2025-09-02 18:22:44.434
-0.67,0.24,-0.37,2025-09-02 18:22:45.258
-0.79,0.37,0.12,2025-09-02 18:22:46.284
-0.18,0.0,0.12,2025-09-02 18:22:47.310
-0.79,0.37,-0.12,2025-09-02 18:22:48.334
-0.31,0.18,-0.12,2025-09-02 18:22:49.354
4.03,2.2,8.79,2025-09-02 18:22:50.377
0.0,-0.24,-0.18,2025-09-02 18:22:51.400
-1.1,1.46,4.15,2025-09-02 18:22:52.425
-0.61,-0.31,-0.43,2025-09-02 18:22:53.454
-0.31,-0.49,2.2,2025-09-02 18:22:54.478
-0.79,0.18,-0.85,2025-09-02 18:22:55.295
-26.06,31.31,-1.16,2025-09-02 18:22:56.314
-12.88,-2.5,3.48,2025-09-02 18:22:57.355
0.61,0.55,0.06,2025-09-02 18:22:58.364
0.12,0.18,-0.24,2025-09-02 18:22:59.403
0.43,0.43,-0.37,2025-09-02 18:23:00.414
2.32,0.37,-2.75,2025-09-02 18:23:01.439
-0.43,-0.49,-0.18,2025-09-02 18:23:02.465
-1.46,0.0,-0.18,2025-09-02 18:23:03.485
-2.75,-0.73,-0.18,2025-09-02 18:23:05.071
-0.61,0.31,-0.12,2025-09-02 18:23:05.545
-0.55,0.37,0.18,2025-09-02 18:23:06.354
15.14,0.79,0.24,2025-09-02 18:23:07.374
-0.61,0.0,-0.18,2025-09-02 18:23:08.404
-0.24,0.24,0.18,2025-09-02 18:23:09.429
-0.98,0.12,-0.06,2025-09-02 18:23:10.449
-0.61,0.31,0.18,2025-09-02 18:23:11.474
0.0,0.06,-0.12,2025-09-02 18:23:12.494
-0.98,0.0,-0.18,2025-09-02 18:23:13.524
-0.37,0.18,0.0,2025-09-02 18:23:14.561
-0.37,0.43,0.18,2025-09-02 18:23:15.369
-0.24,0.43,0.0,2025-09-02 18:23:16.393
-0.24,0.06,-0.12,2025-09-02 18:23:17.413
-0.73,0.37,0.18,2025-09-02 18:23:18.439
-0.49,0.24,0.06,2025-09-02 18:23:19.464
-0.31,0.12,0.0,2025-09-02 18:23:20.485
-0.98,0.61,0.06,2025-09-02 18:23:21.504
-0.79,0.49,0.0,2025-09-02 18:23:22.534
-0.24,-0.61,0.0,2025-09-02 18:23:23.561
-0.92,0.49,0.37,2025-09-02 18:23:24.593
-0.12,0.43,0.0,2025-09-02 18:23:25.614
-0.37,-0.31,-0.37,2025-09-02 18:23:26.424
-1.04,0.12,0.06,2025-09-02 18:23:27.445
8.24,-1.1,-0.98,2025-09-02 18:23:28.474
8.24,-5.62,-2.14,2025-09-02 18:23:29.494
30.33,-10.19,-12.08,2025-09-02 18:23:30.519
-35.1,8.0,2.26,2025-09-02 18:23:31.545
-0.49,0.18,0.0,2025-09-02 18:23:32.564
-0.55,0.24,0.0,2025-09-02 18:23:33.599
-0.55,0.24,0.0,2025-09-02 18:23:34.614
-0.61,0.24,0.0,2025-09-02 18:23:35.643
-0.61,0.24,0.0,2025-09-02 18:23:36.459
-0.55,0.18,0.0,2025-09-02 18:23:37.479
-0.55,0.18,0.0,2025-09-02 18:23:38.503
-0.61,0.24,0.06,2025-09-02 18:23:39.534
-0.61,0.24,0.0,2025-09-02 18:23:40.558
-0.55,0.18,0.0,2025-09-02 18:23:41.575
-0.61,0.24,0.0,2025-09-02 18:23:42.606
-0.55,0.24,0.0,2025-09-02 18:23:43.629
-0.55,0.18,0.0,2025-09-02 18:23:44.654
-0.55,0.18,0.0,2025-09-02 18:23:45.673
-0.61,0.18,0.0,2025-09-02 18:23:46.494
-0.61,0.18,0.0,2025-09-02 18:23:47.514
-0.61,0.24,0.0,2025-09-02 18:23:48.543
-0.55,0.18,0.0,2025-09-02 18:23:49.563
-0.43,0.12,0.0,2025-09-02 18:23:50.594
0.18,1.71,-0.79,2025-09-02 18:23:51.614
-0.79,0.24,0.06,2025-09-02 18:23:52.634
-0.61,0.18,0.0,2025-09-02 18:23:53.665
-0.12,-0.18,63.78,2025-09-02 18:23:54.683
-16.72,1.71,21.97,2025-09-02 18:23:55.709
-0.43,0.12,0.0,2025-09-02 18:23:56.530
-0.79,0.18,0.0,2025-09-02 18:23:57.554
-0.18,0.37,-0.06,2025-09-02 18:23:58.574
0.0,0.31,-0.06,2025-09-02 18:23:59.603
-1.53,-0.37,0.06,2025-09-02 18:24:00.623
-0.24,0.37,0.0,2025-09-02 18:24:01.651
-0.37,0.37,-1.1,2025-09-02 18:24:02.670
-0.49,0.18,0.0,2025-09-02 18:24:03.699
-0.61,0.18,0.0,2025-09-02 18:24:04.722
-0.55,0.18,0.0,2025-09-02 18:24:05.743
-0.61,0.24,0.0,2025-09-02 18:24:06.558
-0.55,0.18,0.0,2025-09-02 18:24:07.588
-0.61,0.18,0.06,2025-09-02 18:24:08.610
-0.67,0.18,0.0,2025-09-02 18:24:09.632
-0.67,0.24,0.06,2025-09-02 18:24:10.664
-0.61,0.18,0.0,2025-09-02 18:24:11.686
-0.85,0.18,0.0,2025-09-02 18:24:12.703
-0.55,0.18,0.0,2025-09-02 18:24:13.843
-0.55,0.18,0.0,2025-09-02 18:24:14.343
-0.61,0.18,0.0,2025-09-02 18:24:15.785
-0.61,0.18,0.0,2025-09-02 18:24:16.598
-0.55,0.12,0.0,2025-09-02 18:24:17.619
-0.55,0.24,0.0,2025-09-02 18:24:18.648
-0.55,0.18,0.0,2025-09-02 18:24:19.668
-0.61,0.18,0.0,2025-09-02 18:24:20.694
-0.55,0.18,0.0,2025-09-02 18:24:21.722
-0.61,0.24,0.0,2025-09-02 18:24:22.742
-0.55,0.24,0.0,2025-09-02 18:24:23.768
-0.61,0.18,0.0,2025-09-02 18:24:24.788
-0.61,0.18,0.06,2025-09-02 18:24:25.818
-0.55,0.24,0.0,2025-09-02 18:24:26.849
-0.61,0.24,0.0,2025-09-02 18:24:27.663
-0.61,0.18,0.0,2025-09-02 18:24:28.682
-0.55,0.24,0.0,2025-09-02 18:24:29.709
-0.61,0.24,0.0,2025-09-02 18:24:30.728
-0.55,0.18,0.0,2025-09-02 18:24:31.752
-0.61,0.24,0.0,2025-09-02 18:24:32.782
-0.55,0.18,0.06,2025-09-02 18:24:33.802
-0.55,0.18,0.0,2025-09-02 18:24:34.832
-0.49,0.18,0.06,2025-09-02 18:24:35.848
-0.12,0.31,0.0,2025-09-02 18:24:36.888
-0.55,0.18,0.06,2025-09-02 18:24:37.693
-0.55,0.18,0.0,2025-09-02 18:24:38.718
-0.61,0.24,0.0,2025-09-02 18:24:39.779
-0.67,0.18,0.0,2025-09-02 18:24:40.763
-0.55,0.18,0.0,2025-09-02 18:24:41.793
-0.61,0.18,0.0,2025-09-02 18:24:42.813
-0.61,0.24,0.0,2025-09-02 18:24:43.838
-0.55,0.24,0.0,2025-09-02 18:24:44.863
-0.61,0.18,0.06,2025-09-02 18:24:45.883
-0.61,0.18,0.0,2025-09-02 18:24:46.913
-0.55,0.24,0.0,2025-09-02 18:24:47.723
-0.61,0.18,0.0,2025-09-02 18:24:48.748
-0.61,0.18,0.0,2025-09-02 18:24:49.802
-1.04,0.12,0.0,2025-09-02 18:24:50.798
-0.12,0.31,0.0,2025-09-02 18:24:51.828
-0.61,0.24,0.0,2025-09-02 18:24:52.843
-0.55,0.18,0.0,2025-09-02 18:24:53.873
-0.31,0.18,0.0,2025-09-02 18:24:54.893
-0.43,0.24,0.06,2025-09-02 18:24:55.921
-1.1,0.24,0.0,2025-09-02 18:24:56.948
-0.55,0.18,0.0,2025-09-02 18:24:57.761
-0.55,0.18,0.0,2025-09-02 18:24:58.782
-0.61,0.24,0.0,2025-09-02 18:24:59.808
-0.55,0.24,0.0,2025-09-02 18:25:00.838
-0.61,0.18,0.0,2025-09-02 18:25:01.892
-1.28,0.37,0.0,2025-09-02 18:25:02.882
-50.72,-24.66,0.61,2025-09-02 18:25:03.902
41.26,18.98,-32.41,2025-09-02 18:25:04.932
0.92,0.06,-0.18,2025-09-02 18:25:05.952
-0.55,0.55,0.24,2025-09-02 18:25:06.982
-0.49,0.12,-0.24,2025-09-02 18:25:07.801
-0.49,0.18,0.06,2025-09-02 18:25:08.829
-0.18,0.31,0.06,2025-09-02 18:25:09.847
1.28,-2.5,-0.31,2025-09-02 18:25:10.868
-0.73,-0.24,0.12,2025-09-02 18:25:11.898
9.03,-3.78,6.23,2025-09-02 18:25:12.917
1.46,1.65,0.85,2025-09-02 18:25:13.942
-0.92,-1.28,0.43,2025-09-02 18:25:14.962
0.0,-0.37,0.31,2025-09-02 18:25:15.992
-0.92,0.49,-0.12,2025-09-02 18:25:17.012
-0.49,0.37,0.31,2025-09-02 18:25:17.838
-0.49,-0.06,-0.24,2025-09-02 18:25:18.862
-0.31,0.12,-0.37,2025-09-02 18:25:19.877
-0.98,0.43,0.12,2025-09-02 18:25:20.902
0.0,1.34,0.24,2025-09-02 18:25:21.932
-0.98,0.92,0.49,2025-09-02 18:25:22.961
-2.56,-0.61,-0.31,2025-09-02 18:25:23.979
-0.31,-0.18,-0.31,2025-09-02 18:25:25.001
-1.34,-0.06,0.06,2025-09-02 18:25:26.021
-0.18,0.79,0.24,2025-09-02 18:25:27.048
-5.07,-3.42,-1.4,2025-09-02 18:25:27.867
0.79,7.2,0.18,2025-09-02 18:25:28.892
5.07,-9.03,-4.15,2025-09-02 18:25:30.250
-2.08,-0.98,-4.39,2025-09-02 18:25:30.937
-2.01,1.83,-0.31,2025-09-02 18:25:31.967
-2.08,-1.71,0.0,2025-09-02 18:25:32.991
1.28,-0.67,2.26,2025-09-02 18:25:34.011
2.93,-2.08,5.0,2025-09-02 18:25:35.045
22.34,-7.2,4.33,2025-09-02 18:25:36.062
-14.59,-0.12,0.24,2025-09-02 18:25:37.082
-0.18,0.55,-1.22,2025-09-02 18:25:37.902
1.22,-6.9,1.65,2025-09-02 18:25:38.922
0.67,1.28,1.83,2025-09-02 18:25:39.952
-4.33,2.87,-5.07,2025-09-02 18:25:40.977
-1.71,-2.99,-0.92,2025-09-02 18:25:41.997
-1.4,-5.37,-0.79,2025-09-02 18:25:43.022
-3.17,-2.32,-1.71,2025-09-02 18:25:44.042
0.61,-0.55,-0.55,2025-09-02 18:25:45.067
-5.25,2.08,-2.5,2025-09-02 18:25:46.091
2.75,0.12,0.37,2025-09-02 18:25:47.155
4.58,-0.79,1.16,2025-09-02 18:25:48.147
-1.34,-0.43,-0.61,2025-09-02 18:25:48.962
-1.22,0.06,-1.22,2025-09-02 18:25:49.982
-1.4,0.67,-1.22,2025-09-02 18:25:51.012
0.31,0.12,-0.92,2025-09-02 18:25:52.037
3.48,-0.55,0.12,2025-09-02 18:25:53.069
0.92,-3.36,-0.06,2025-09-02 18:25:54.082
-0.92,0.98,0.61,2025-09-02 18:25:55.102
-0.37,0.31,0.18,2025-09-02 18:25:56.132
-1.04,0.18,0.0,2025-09-02 18:25:57.156
-0.43,0.0,0.12,2025-09-02 18:25:58.191
-0.49,0.24,0.06,2025-09-02 18:25:58.997
0.12,-0.06,0.0,2025-09-02 18:26:00.022
-0.55,0.24,0.12,2025-09-02 18:26:01.042
-0.18,0.12,0.0,2025-09-02 18:26:02.067
0.0,-0.24,-0.37,2025-09-02 18:26:03.097
-0.12,0.12,-0.18,2025-09-02 18:26:04.117
-0.79,0.43,0.06,2025-09-02 18:26:05.142
-0.43,0.24,0.0,2025-09-02 18:26:06.161
-0.24,0.0,-0.24,2025-09-02 18:26:07.192
-0.67,0.24,0.18,2025-09-02 18:26:08.212
-0.49,0.37,0.12,2025-09-02 18:26:09.031
-0.79,0.12,-0.06,2025-09-02 18:26:10.051
-0.31,0.06,-0.18,2025-09-02 18:26:11.080
-0.31,0.18,-0.18,2025-09-02 18:26:12.101
-0.98,0.18,0.06,2025-09-02 18:26:13.128
-1.46,0.73,0.24,2025-09-02 18:26:14.156
-0.98,0.18,-0.31,2025-09-02 18:26:15.171
-0.73,0.37,0.18,2025-09-02 18:26:16.201
-0.73,0.0,0.0,2025-09-02 18:26:17.220
-0.85,0.37,0.12,2025-09-02 18:26:18.251
-0.92,0.31,0.0,2025-09-02 18:26:19.066
-0.06,0.18,0.0,2025-09-02 18:26:20.087
-0.31,0.06,-0.18,2025-09-02 18:26:21.116
-0.24,0.06,-0.18,2025-09-02 18:26:22.137
-0.31,-0.06,-0.12,2025-09-02 18:26:23.167
-0.55,0.31,-0.12,2025-09-02 18:26:24.191
-0.49,0.18,0.18,2025-09-02 18:26:25.211
-0.79,0.31,0.12,2025-09-02 18:26:26.231
-0.49,0.18,0.0,2025-09-02 18:26:27.261
-0.67,0.24,0.06,2025-09-02 18:26:28.281
-0.79,0.18,0.18,2025-09-02 18:26:29.101
-0.92,0.12,-0.06,2025-09-02 18:26:30.122
-0.55,0.0,-0.06,2025-09-02 18:26:31.151
-0.31,0.18,-0.06,2025-09-02 18:26:32.171
-0.79,0.12,-0.06,2025-09-02 18:26:33.201
-0.49,0.12,-0.12,2025-09-02 18:26:34.221
-0.92,0.43,-0.06,2025-09-02 18:26:35.241
-1.04,0.0,-0.49,2025-09-02 18:26:36.271
-1.16,-0.67,0.85,2025-09-02 18:26:37.297
-1.46,-0.79,-0.31,2025-09-02 18:26:38.316
-7.75,-1.4,1.34,2025-09-02 18:26:39.141
-0.12,0.55,0.18,2025-09-02 18:26:40.161
-0.37,0.43,1.59,2025-09-02 18:26:41.181
-0.18,0.79,0.24,2025-09-02 18:26:42.211
-0.12,0.0,0.12,2025-09-02 18:26:43.231
1.1,2.38,1.04,2025-09-02 18:26:44.261
1.1,-0.73,2.87,2025-09-02 18:26:45.286
-3.6,7.14,1.28,2025-09-02 18:26:46.306
-1.22,1.46,0.18,2025-09-02 18:26:47.326
30.82,10.93,-29.6,2025-09-02 18:26:48.350
47.06,-65.31,-120.73,2025-09-02 18:26:49.170
-2.69,0.61,16.36,2025-09-02 18:26:50.202
-0.85,0.24,0.0,2025-09-02 18:26:51.216
-0.55,0.18,0.0,2025-09-02 18:26:52.246
-0.55,0.18,0.0,2025-09-02 18:26:53.271
-0.55,0.18,0.0,2025-09-02 18:26:54.297
-0.61,0.18,0.0,2025-09-02 18:26:55.316
-0.67,0.18,0.0,2025-09-02 18:26:56.341
-0.61,0.18,0.0,2025-09-02 18:26:57.361
-0.61,0.18,0.0,2025-09-02 18:26:58.391
-0.61,0.18,0.0,2025-09-02 18:26:59.211
-0.31,0.18,0.0,2025-09-02 18:27:00.231
-0.55,0.18,0.0,2025-09-02 18:27:01.251
-0.67,0.24,0.06,2025-09-02 18:27:02.281
-0.43,0.18,0.0,2025-09-02 18:27:03.301
-0.55,0.18,0.0,2025-09-02 18:27:04.331
-0.61,0.18,0.0,2025-09-02 18:27:05.351
-0.55,0.18,-0.06,2025-09-02 18:27:06.375
-0.61,0.24,0.0,2025-09-02 18:27:07.396
-0.55,0.18,0.0,2025-09-02 18:27:08.421
-0.55,0.18,0.0,2025-09-02 18:27:09.241
-0.61,0.24,0.0,2025-09-02 18:27:10.271
-0.61,0.18,0.0,2025-09-02 18:27:11.291
-0.61,0.24,0.0,2025-09-02 18:27:12.271
-0.92,0.31,0.0,2025-09-02 18:27:13.341
-0.61,0.18,0.0,2025-09-02 18:27:14.366
-0.55,0.18,0.0,2025-09-02 18:27:15.390
-0.55,0.24,0.0,2025-09-02 18:27:16.409
-0.61,0.24,0.0,2025-09-02 18:27:17.432
0.31,0.12,0.24,2025-09-02 18:27:18.461
-0.55,0.18,0.0,2025-09-02 18:27:19.491
-0.61,0.24,0.0,2025-09-02 18:27:20.301
-0.55,0.18,0.0,2025-09-02 18:27:21.330
-0.55,0.18,0.0,2025-09-02 18:27:22.349
-0.55,0.24,0.0,2025-09-02 18:27:23.375
-0.55,0.18,0.0,2025-09-02 18:27:24.399
-0.61,0.18,0.0,2025-09-02 18:27:25.425
-0.55,0.18,0.0,2025-09-02 18:27:26.446
-0.55,0.24,0.0,2025-09-02 18:27:27.471
-0.61,0.24,0.0,2025-09-02 18:27:28.491
-0.61,0.24,0.0,2025-09-02 18:27:29.310
-0.61,0.24,0.0,2025-09-02 18:27:30.340
-0.49,0.18,0.0,2025-09-02 18:27:31.360
-0.61,0.24,0.0,2025-09-02 18:27:32.405
-0.24,0.18,0.0,2025-09-02 18:27:33.410
-0.55,0.18,0.0,2025-09-02 18:27:34.432
-0.61,0.18,0.0,2025-09-02 18:27:35.461
-0.61,0.24,0.0,2025-09-02 18:27:36.480
-0.61,0.18,0.0,2025-09-02 18:27:37.500
-0.85,0.24,0.0,2025-09-02 18:27:38.532
-0.61,0.24,0.0,2025-09-02 18:27:39.576
-0.61,0.24,0.0,2025-09-02 18:27:40.370
-0.61,0.24,0.0,2025-09-02 18:27:41.399
-0.61,0.18,0.0,2025-09-02 18:27:42.419
-0.61,0.24,0.0,2025-09-02 18:27:43.450
-0.55,0.18,0.0,2025-09-02 18:27:44.470
-0.61,0.24,0.0,2025-09-02 18:27:45.495
-0.55,0.24,0.0,2025-09-02 18:27:46.515
-0.55,0.24,0.0,2025-09-02 18:27:47.545
-0.24,0.12,0.0,2025-09-02 18:27:48.560
-0.55,0.18,0.0,2025-09-02 18:27:49.585
-0.67,0.24,0.0,2025-09-02 18:27:50.405
-0.55,0.18,0.0,2025-09-02 18:27:51.435
-0.61,0.18,0.0,2025-09-02 18:27:52.450
-0.55,0.18,0.0,2025-09-02 18:27:53.482
-0.67,0.18,0.0,2025-09-02 18:27:54.501
-0.55,0.18,0.0,2025-09-02 18:27:55.536
-0.67,0.24,0.0,2025-09-02 18:27:56.558
-0.43,0.18,0.0,2025-09-02 18:27:57.570
-0.61,0.18,0.0,2025-09-02 18:27:58.600
-0.55,0.18,0.0,2025-09-02 18:27:59.620
-0.31,0.18,0.0,2025-09-02 18:28:00.445
-0.67,0.24,0.0,2025-09-02 18:28:01.465
-0.67,0.18,0.0,2025-09-02 18:28:02.490
-0.55,0.18,0.0,2025-09-02 18:28:03.510
-0.55,0.18,0.0,2025-09-02 18:28:04.540
-0.55,0.18,0.0,2025-09-02 18:28:05.562
-0.18,0.18,0.0,2025-09-02 18:28:06.590
-0.61,0.24,0.0,2025-09-02 18:28:07.610
-0.61,0.24,0.0,2025-09-02 18:28:08.630
-0.61,0.18,0.0,2025-09-02 18:28:09.660
-0.55,0.18,0.06,2025-09-02 18:28:10.479
3.91,-0.37,0.0,2025-09-02 18:28:11.500
-0.61,0.24,0.0,2025-09-02 18:28:12.520
-0.61,0.18,0.0,2025-09-02 18:28:13.550
-0.67,0.06,0.12,2025-09-02 18:28:14.569
-0.49,0.18,0.0,2025-09-02 18:28:15.598
-0.61,0.24,0.0,2025-09-02 18:28:16.619
-0.49,0.24,0.0,2025-09-02 18:28:17.645
-0.55,0.24,0.0,2025-09-02 18:28:18.670
-0.43,0.18,0.0,2025-09-02 18:28:19.690
-0.67,0.24,-0.06,2025-09-02 18:28:20.511
-0.55,0.18,0.0,2025-09-02 18:28:21.535
-0.31,0.06,0.0,2025-09-02 18:28:22.560
-0.49,0.18,0.0,2025-09-02 18:28:23.580
-0.55,0.18,0.0,2025-09-02 18:28:24.615
-0.55,0.24,0.0,2025-09-02 18:28:25.635
-0.67,0.24,0.0,2025-09-02 18:28:26.660
-0.61,0.24,0.0,2025-09-02 18:28:27.679
-0.61,0.24,0.06,2025-09-02 18:28:28.699
-0.73,0.24,0.0,2025-09-02 18:28:29.731
-0.55,0.18,0.0,2025-09-02 18:28:30.550
-0.61,0.24,0.0,2025-09-02 18:28:31.569
-0.61,0.24,0.0,2025-09-02 18:28:32.596
-0.55,0.18,0.0,2025-09-02 18:28:33.619
-0.55,0.18,0.0,2025-09-02 18:28:34.639
-0.55,0.18,0.0,2025-09-02 18:28:35.665
-0.55,0.18,0.0,2025-09-02 18:28:36.689
-0.61,0.24,0.0,2025-09-02 18:28:37.718
-0.55,0.18,0.0,2025-09-02 18:28:38.744
-0.55,0.24,0.0,2025-09-02 18:28:40.314
-0.61,0.24,0.0,2025-09-02 18:28:40.581
-0.55,0.18,0.0,2025-09-02 18:28:41.612
-0.55,0.18,0.0,2025-09-02 18:28:42.629
-0.61,0.24,0.0,2025-09-02 18:28:43.654
-0.61,0.24,0.0,2025-09-02 18:28:44.674
-116.52,-85.27,57.62,2025-09-02 18:28:45.699
95.03,-14.71,47.79,2025-09-02 18:28:46.737
-5.49,7.63,-5.0,2025-09-02 18:28:47.763
49.93,11.41,-38.21,2025-09-02 18:28:48.796
-4.27,1.4,-0.06,2025-09-02 18:28:49.861
-55.42,-51.27,-11.05,2025-09-02 18:28:50.840
-58.04,2.08,4.76,2025-09-02 18:28:51.651
-0.43,0.31,0.0,2025-09-02 18:28:52.669
-0.24,0.24,0.12,2025-09-02 18:28:53.689
-0.67,0.18,0.06,2025-09-02 18:28:54.709
-0.43,0.18,0.0,2025-09-02 18:28:55.739
-0.67,0.24,0.0,2025-09-02 18:28:56.759
-0.31,0.12,0.0,2025-09-02 18:28:57.789
-0.49,0.18,0.0,2025-09-02 18:28:58.809
-0.55,0.18,0.0,2025-09-02 18:28:59.829
-0.61,0.18,0.0,2025-09-02 18:29:00.649
-0.61,0.18,0.0,2025-09-02 18:29:01.678
-0.61,0.24,0.0,2025-09-02 18:29:02.699
-0.55,0.18,0.0,2025-09-02 18:29:03.725
-0.55,0.18,0.0,2025-09-02 18:29:04.749
-0.55,0.18,0.0,2025-09-02 18:29:05.769
-0.61,0.18,0.0,2025-09-02 18:29:06.800
-0.55,0.18,0.06,2025-09-02 18:29:07.818
-0.61,0.18,0.0,2025-09-02 18:29:08.849
-0.55,0.18,0.0,2025-09-02 18:29:09.868
-0.55,0.18,0.0,2025-09-02 18:29:10.894
-0.55,0.18,0.0,2025-09-02 18:29:11.714
-0.55,0.18,-0.06,2025-09-02 18:29:12.739
-0.61,0.24,0.0,2025-09-02 18:29:13.759
-0.55,0.24,0.0,2025-09-02 18:29:14.784
-0.67,0.24,0.06,2025-09-02 18:29:15.809
-0.55,0.18,0.06,2025-09-02 18:29:16.839
-0.61,0.18,0.0,2025-09-02 18:29:17.859
-0.55,0.18,0.0,2025-09-02 18:29:18.876
-0.55,0.24,0.0,2025-09-02 18:29:19.898
-0.61,0.18,0.0,2025-09-02 18:29:20.929
-0.55,0.18,0.0,2025-09-02 18:29:21.744
-0.55,0.18,0.0,2025-09-02 18:29:22.774
-0.55,0.24,0.0,2025-09-02 18:29:23.795
-0.61,0.18,0.0,2025-09-02 18:29:25.055
-0.61,0.24,0.0,2025-09-02 18:29:25.872
-0.55,0.18,0.0,2025-09-02 18:29:26.869
-0.61,0.18,0.0,2025-09-02 18:29:27.888
-0.55,0.24,0.0,2025-09-02 18:29:28.917
-0.61,0.18,0.0,2025-09-02 18:29:29.937
-0.61,0.24,0.0,2025-09-02 18:29:30.958
-0.55,0.18,0.0,2025-09-02 18:29:31.778
-0.55,0.18,0.0,2025-09-02 18:29:32.808
-0.55,0.24,0.0,2025-09-02 18:29:33.831
-0.55,0.18,0.0,2025-09-02 18:29:34.852
-0.61,0.18,0.0,2025-09-02 18:29:35.884
-0.55,0.18,0.0,2025-09-02 18:29:36.903
-0.55,0.24,0.0,2025-09-02 18:29:37.929
-0.55,0.24,0.0,2025-09-02 18:29:38.948
-0.61,0.18,0.0,2025-09-02 18:29:39.968
-0.61,0.24,0.06,2025-09-02 18:29:41.001
-0.55,0.18,0.06,2025-09-02 18:29:41.818
-0.55,0.24,0.0,2025-09-02 18:29:42.843
-0.55,0.18,0.0,2025-09-02 18:29:43.864
-0.61,0.24,0.0,2025-09-02 18:29:44.883
-0.61,0.24,0.06,2025-09-02 18:29:45.908
-0.55,0.18,0.0,2025-09-02 18:29:46.957
-0.61,0.24,0.0,2025-09-02 18:29:47.972
-0.55,0.18,0.0,2025-09-02 18:29:48.985
-0.55,0.18,0.0,2025-09-02 18:29:50.004
-0.55,0.18,0.0,2025-09-02 18:29:51.027
-0.67,0.24,0.0,2025-09-02 18:29:51.857
-0.55,0.18,0.0,2025-09-02 18:29:52.877
-0.55,0.18,0.0,2025-09-02 18:29:53.903
-0.61,0.24,0.0,2025-09-02 18:29:54.923
-0.61,0.24,0.0,2025-09-02 18:29:55.943
-0.55,0.18,0.0,2025-09-02 18:29:56.968
-0.55,0.18,0.0,2025-09-02 18:29:57.994
-0.55,0.24,0.0,2025-09-02 18:29:59.023
-0.61,0.24,0.0,2025-09-02 18:30:00.043
-0.55,0.18,0.0,2025-09-02 18:30:01.063
-0.61,0.18,0.0,2025-09-02 18:30:01.887
-0.55,0.18,0.0,2025-09-02 18:30:02.906
-0.61,0.18,0.0,2025-09-02 18:30:03.938
-0.61,0.24,0.0,2025-09-02 18:30:04.958
-0.61,0.24,0.0,2025-09-02 18:30:05.978
-0.61,0.18,0.0,2025-09-02 18:30:07.014
-0.61,0.24,0.0,2025-09-02 18:30:08.033
-0.55,0.18,0.0,2025-09-02 18:30:09.058
-0.61,0.18,0.0,2025-09-02 18:30:10.078
-0.55,0.24,0.0,2025-09-02 18:30:11.098
-0.55,0.18,0.0,2025-09-02 18:30:11.918
-0.55,0.24,0.0,2025-09-02 18:30:12.946
-0.55,0.18,0.0,2025-09-02 18:30:13.968
-0.61,0.24,0.06,2025-09-02 18:30:14.997
-0.55,0.24,0.0,2025-09-02 18:30:16.023
-0.55,0.24,0.0,2025-09-02 18:30:17.043
-0.55,0.18,0.0,2025-09-02 18:30:18.068
-0.61,0.18,0.0,2025-09-02 18:30:19.088
-0.61,0.18,0.0,2025-09-02 18:30:20.117
-0.61,0.24,0.0,2025-09-02 18:30:21.133
-0.61,0.18,0.0,2025-09-02 18:30:22.173
-0.61,0.24,0.06,2025-09-02 18:30:22.983
-0.55,0.18,0.0,2025-09-02 18:30:24.003
-0.55,0.24,0.0,2025-09-02 18:30:25.027
-0.55,0.24,0.0,2025-09-02 18:30:26.057
-0.55,0.18,0.0,2025-09-02 18:30:27.078
-0.61,0.24,0.0,2025-09-02 18:30:28.098
-0.61,0.24,0.0,2025-09-02 18:30:29.128
-0.61,0.18,0.0,2025-09-02 18:30:30.148
-0.61,0.24,0.06,2025-09-02 18:30:31.172
-0.61,0.18,0.0,2025-09-02 18:30:31.994
-0.61,0.18,0.0,2025-09-02 18:30:33.018
-0.55,0.18,0.0,2025-09-02 18:30:34.037
-0.61,0.24,0.0,2025-09-02 18:30:35.067
-0.55,0.24,0.0,2025-09-02 18:30:36.088
-0.67,0.24,0.0,2025-09-02 18:30:37.107
-0.61,0.18,0.0,2025-09-02 18:30:38.134
-0.55,0.24,0.0,2025-09-02 18:30:39.163
-0.55,0.24,0.06,2025-09-02 18:30:40.188
-0.55,0.18,0.0,2025-09-02 18:30:41.202
-0.55,0.18,0.06,2025-09-02 18:30:42.023
-0.61,0.24,0.0,2025-09-02 18:30:43.052
-0.61,0.18,0.0,2025-09-02 18:30:44.077
-0.61,0.24,0.0,2025-09-02 18:30:45.097
-0.55,0.18,0.0,2025-09-02 18:30:46.126
-0.61,0.18,0.0,2025-09-02 18:30:47.146
-0.55,0.24,0.06,2025-09-02 18:30:48.172
-0.55,0.24,0.0,2025-09-02 18:30:49.193
-0.55,0.18,0.0,2025-09-02 18:30:50.217
-0.55,0.24,0.0,2025-09-02 18:30:51.248
-0.61,0.24,0.0,2025-09-02 18:30:52.263
-0.61,0.24,0.0,2025-09-02 18:30:53.087
-0.61,0.24,0.0,2025-09-02 18:30:54.107
-0.61,0.18,0.0,2025-09-02 18:30:55.137
-0.49,0.18,0.0,2025-09-02 18:30:56.157
-0.67,0.24,0.0,2025-09-02 18:30:57.188
-0.79,0.24,0.0,2025-09-02 18:30:58.215
-0.55,0.18,-0.06,2025-09-02 18:30:59.227
-0.49,0.18,0.0,2025-09-02 18:31:00.257
-0.92,0.18,0.0,2025-09-02 18:31:01.277
-0.61,0.24,0.0,2025-09-02 18:31:02.297
-0.61,0.24,0.0,2025-09-02 18:31:03.122
-0.55,0.18,0.0,2025-09-02 18:31:04.142
-0.61,0.24,0.0,2025-09-02 18:31:05.173
-0.55,0.24,0.0,2025-09-02 18:31:06.192
-0.61,-0.43,0.06,2025-09-02 18:31:07.217
-0.61,0.24,0.0,2025-09-02 18:31:08.238
-0.61,0.24,0.0,2025-09-02 18:31:09.267
-0.55,0.18,0.0,2025-09-02 18:31:10.287
-0.67,0.18,0.06,2025-09-02 18:31:11.322
-0.55,0.18,0.0,2025-09-02 18:31:12.288
-0.49,0.18,0.0,2025-09-02 18:31:13.157
-0.55,0.24,0.0,2025-09-02 18:31:14.182
-0.49,0.18,0.0,2025-09-02 18:31:15.202
-0.61,0.24,0.0,2025-09-02 18:31:16.227
-0.55,0.24,0.0,2025-09-02 18:31:17.252
-0.55,0.24,0.0,2025-09-02 18:31:18.282
-0.55,0.18,0.0,2025-09-02 18:31:19.297
-0.61,0.18,0.0,2025-09-02 18:31:20.327
-0.55,0.18,0.0,2025-09-02 18:31:21.389
-0.55,0.18,0.0,2025-09-02 18:31:22.377
-0.55,0.18,0.0,2025-09-02 18:31:23.193
-0.55,0.18,0.0,2025-09-02 18:31:24.212
-0.61,0.24,0.0,2025-09-02 18:31:25.242
-0.61,0.24,0.0,2025-09-02 18:31:26.262
-0.67,0.18,0.0,2025-09-02 18:31:27.292
-0.55,0.24,0.0,2025-09-02 18:31:28.312
-0.61,0.24,0.0,2025-09-02 18:31:29.337
-0.61,0.24,0.0,2025-09-02 18:31:30.357
-0.61,0.24,0.06,2025-09-02 18:31:31.387
-0.55,0.18,0.06,2025-09-02 18:31:32.408
-0.61,0.24,0.0,2025-09-02 18:31:33.227
-0.61,0.24,0.0,2025-09-02 18:31:34.247
-0.61,0.24,0.0,2025-09-02 18:31:35.275
-0.55,0.18,0.0,2025-09-02 18:31:36.301
-0.55,0.24,0.0,2025-09-02 18:31:37.322
-0.61,0.18,0.0,2025-09-02 18:31:38.345
-0.61,0.24,0.0,2025-09-02 18:31:39.365
-0.61,0.24,0.06,2025-09-02 18:31:40.392
-0.55,0.24,0.0,2025-09-02 18:31:41.418
-0.61,0.18,0.0,2025-09-02 18:31:42.442
-0.61,0.18,0.0,2025-09-02 18:31:43.261
-0.55,0.24,0.0,2025-09-02 18:31:44.286
-0.49,0.31,0.06,2025-09-02 18:31:45.311
0.06,0.0,0.06,2025-09-02 18:31:46.337
-0.61,0.37,0.0,2025-09-02 18:31:47.358
-0.73,0.24,0.06,2025-09-02 18:31:48.391
-0.55,0.12,0.06,2025-09-02 18:31:50.278
-0.79,0.24,-0.06,2025-09-02 18:31:50.427
-1.1,-0.31,0.0,2025-09-02 18:31:51.457
-0.18,0.31,0.0,2025-09-02 18:31:52.476
-0.43,0.24,0.0,2025-09-02 18:31:53.506
-0.55,0.18,0.0,2025-09-02 18:31:54.316
-0.92,0.31,0.0,2025-09-02 18:31:55.346
-0.61,0.24,0.0,2025-09-02 18:31:56.371
20.39,6.77,29.66,2025-09-02 18:31:57.391
-23.56,-29.85,37.48,2025-09-02 18:31:58.417
-4.09,8.73,0.12,2025-09-02 18:31:59.438
-0.67,1.89,-0.31,2025-09-02 18:32:00.467
-0.43,0.61,0.43,2025-09-02 18:32:01.486
-0.49,0.49,0.12,2025-09-02 18:32:02.515
-0.79,0.43,0.18,2025-09-02 18:32:03.541
-0.43,0.55,-0.79,2025-09-02 18:32:04.351
0.06,44.92,-83.25,2025-09-02 18:32:05.377
-13.37,24.78,-18.68,2025-09-02 18:32:06.406
-8.91,-3.36,-16.91,2025-09-02 18:32:07.431
25.63,-3.42,7.81,2025-09-02 18:32:08.466
-0.67,0.12,-0.37,2025-09-02 18:32:09.475
-0.55,0.18,0.0,2025-09-02 18:32:10.495
-0.61,0.18,0.0,2025-09-02 18:32:11.525
-0.55,0.18,0.0,2025-09-02 18:32:12.450
-0.55,0.24,0.0,2025-09-02 18:32:13.571
-0.61,0.24,0.0,2025-09-02 18:32:14.391
-0.49,0.24,0.06,2025-09-02 18:32:15.416
-0.55,0.24,0.0,2025-09-02 18:32:16.436
-0.55,0.18,0.0,2025-09-02 18:32:17.461
-0.67,0.18,0.0,2025-09-02 18:32:18.482
-0.55,0.18,0.0,2025-09-02 18:32:19.531
-0.55,0.24,0.0,2025-09-02 18:32:20.536
-0.55,0.24,0.0,2025-09-02 18:32:21.561
-0.55,0.24,0.0,2025-09-02 18:32:22.586
-0.61,0.24,0.0,2025-09-02 18:32:23.606
-0.55,0.18,0.0,2025-09-02 18:32:24.431
-0.55,0.18,0.0,2025-09-02 18:32:25.446
-0.61,0.24,0.0,2025-09-02 18:32:26.475
-0.61,0.24,0.0,2025-09-02 18:32:27.496
-0.55,0.18,0.0,2025-09-02 18:32:28.521
-0.55,0.18,0.0,2025-09-02 18:32:29.546
-0.55,0.24,0.0,2025-09-02 18:32:30.572
-0.61,0.18,0.0,2025-09-02 18:32:31.595
-0.61,0.12,0.0,2025-09-02 18:32:32.615
-0.55,0.24,0.0,2025-09-02 18:32:33.645
-0.61,0.24,0.0,2025-09-02 18:32:34.465
-0.55,0.24,0.0,2025-09-02 18:32:35.488
-0.55,0.18,0.0,2025-09-02 18:32:36.511
-0.43,0.24,0.12,2025-09-02 18:32:37.536
-0.55,0.18,0.0,2025-09-02 18:32:38.561
-0.55,0.24,0.0,2025-09-02 18:32:39.575
-0.55,0.18,0.0,2025-09-02 18:32:40.608
-0.61,0.18,0.0,2025-09-02 18:32:41.630
-0.55,0.18,0.0,2025-09-02 18:32:42.656
-0.55,0.24,0.0,2025-09-02 18:32:43.679
-0.55,0.12,0.0,2025-09-02 18:32:45.057
-0.61,0.24,0.06,2025-09-02 18:32:45.523
-0.61,0.18,0.0,2025-09-02 18:32:46.545
-0.55,0.18,0.0,2025-09-02 18:32:47.566
-0.55,0.18,0.0,2025-09-02 18:32:48.597
-0.55,0.18,0.0,2025-09-02 18:32:49.616
-0.61,0.18,0.0,2025-09-02 18:32:50.646
-0.61,0.18,0.0,2025-09-02 18:32:51.667
-0.61,0.18,0.0,2025-09-02 18:32:52.685
-0.67,0.24,0.0,2025-09-02 18:32:53.715
-0.55,0.24,0.0,2025-09-02 18:32:54.534
-0.55,0.18,0.0,2025-09-02 18:32:55.565
-0.55,0.18,0.0,2025-09-02 18:32:56.580
-0.55,0.18,0.0,2025-09-02 18:32:57.601
-0.55,0.24,0.0,2025-09-02 18:32:58.631
-0.55,0.24,0.0,2025-09-02 18:32:59.655
-0.55,0.18,0.0,2025-09-02 18:33:00.680
-0.55,0.24,0.0,2025-09-02 18:33:01.700
-0.55,0.18,0.06,2025-09-02 18:33:02.720
-0.61,0.18,0.0,2025-09-02 18:33:03.755
-0.55,0.18,0.0,2025-09-02 18:33:04.587
-0.55,0.18,0.0,2025-09-02 18:33:05.585
-0.55,0.18,0.0,2025-09-02 18:33:06.615
-0.55,0.18,0.0,2025-09-02 18:33:07.635
-0.55,0.24,0.0,2025-09-02 18:33:08.665
-0.55,0.18,0.06,2025-09-02 18:33:09.686
-0.61,0.24,0.0,2025-09-02 18:33:10.705
-0.61,0.18,0.0,2025-09-02 18:33:11.730
-0.61,0.18,0.0,2025-09-02 18:33:12.760
-0.55,0.18,0.0,2025-09-02 18:33:13.780
-0.55,0.18,0.0,2025-09-02 18:33:14.600
-0.55,0.18,0.0,2025-09-02 18:33:15.624
-0.61,0.24,0.0,2025-09-02 18:33:16.648
-0.55,0.24,0.0,2025-09-02 18:33:17.674
-0.55,0.24,0.0,2025-09-02 18:33:18.700
-0.55,0.18,0.0,2025-09-02 18:33:19.720
-0.61,0.18,0.0,2025-09-02 18:33:20.745
-0.67,0.18,0.06,2025-09-02 18:33:21.765
-0.55,0.18,0.0,2025-09-02 18:33:22.790
-0.55,0.18,0.0,2025-09-02 18:33:23.815
-0.61,0.18,0.0,2025-09-02 18:33:24.845
-0.61,0.24,0.0,2025-09-02 18:33:25.655
-0.55,0.24,0.0,2025-09-02 18:33:26.685
-0.61,0.24,0.0,2025-09-02 18:33:27.705
-0.61,0.24,0.0,2025-09-02 18:33:28.735
-0.55,0.18,0.0,2025-09-02 18:33:29.755
-0.61,0.18,0.0,2025-09-02 18:33:30.775
-0.55,0.24,0.0,2025-09-02 18:33:31.805
-0.55,0.18,0.0,2025-09-02 18:33:32.830
-0.55,0.18,0.0,2025-09-02 18:33:33.850
-0.61,0.24,0.0,2025-09-02 18:33:34.890
-0.55,0.18,0.0,2025-09-02 18:33:35.690
-0.55,0.18,0.0,2025-09-02 18:33:36.720
-0.61,0.24,0.0,2025-09-02 18:33:37.744
-0.55,0.18,0.0,2025-09-02 18:33:38.764
-0.55,0.18,0.06,2025-09-02 18:33:39.790
-0.55,0.18,0.0,2025-09-02 18:33:40.810
-0.55,0.24,0.0,2025-09-02 18:33:41.840
-0.55,0.18,0.0,2025-09-02 18:33:42.865
-0.55,0.18,0.0,2025-09-02 18:33:43.896
-0.55,0.18,0.0,2025-09-02 18:33:44.919
-0.61,0.18,0.0,2025-09-02 18:33:45.729
-0.55,0.18,0.0,2025-09-02 18:33:46.751
-0.55,0.18,0.06,2025-09-02 18:33:47.775
-0.55,0.18,0.0,2025-09-02 18:33:48.805
-0.55,0.24,0.0,2025-09-02 18:33:49.824
-0.55,0.24,0.0,2025-09-02 18:33:50.845
-0.55,0.24,0.0,2025-09-02 18:33:51.873
-0.55,0.24,0.0,2025-09-02 18:33:52.895
-0.55,0.24,0.0,2025-09-02 18:33:53.924
-0.55,0.18,0.0,2025-09-02 18:33:54.944
-0.61,0.18,0.0,2025-09-02 18:33:55.769
-0.61,0.24,0.0,2025-09-02 18:33:56.789
-0.55,0.18,0.0,2025-09-02 18:33:57.814
-0.55,0.18,0.0,2025-09-02 18:33:58.834
-0.55,0.18,0.0,2025-09-02 18:33:59.864
-0.55,0.24,0.0,2025-09-02 18:34:00.884
-0.55,0.24,0.0,2025-09-02 18:34:01.904
-0.61,0.18,0.0,2025-09-02 18:34:02.934
-0.61,0.24,0.0,2025-09-02 18:34:03.955
-0.55,0.24,0.0,2025-09-02 18:34:04.984
-0.61,0.24,0.0,2025-09-02 18:34:05.809
-0.55,0.18,0.0,2025-09-02 18:34:06.821
-0.55,0.24,-0.06,2025-09-02 18:34:07.849
-0.61,0.18,0.0,2025-09-02 18:34:08.869
-0.55,0.18,0.0,2025-09-02 18:34:09.895
-0.61,0.18,0.0,2025-09-02 18:34:10.924
-0.61,0.24,0.0,2025-09-02 18:34:11.944
-0.55,0.18,0.0,2025-09-02 18:34:12.968
-0.55,0.18,0.0,2025-09-02 18:34:13.993
-0.55,0.18,0.0,2025-09-02 18:34:15.014
-0.55,0.18,0.0,2025-09-02 18:34:15.834
-0.55,0.18,0.0,2025-09-02 18:34:16.854
-0.55,0.18,0.0,2025-09-02 18:34:17.886
-14.4,1.65,22.95,2025-09-02 18:34:18.904
-2.26,-0.06,10.8,2025-09-02 18:34:19.934
10.99,-2.2,-2.2,2025-09-02 18:34:20.954
-1.22,0.55,-0.79,2025-09-02 18:34:21.974
0.43,-0.85,-1.95,2025-09-02 18:34:23.004
16.42,61.65,-0.12,2025-09-02 18:34:24.024
-0.73,2.44,0.73,2025-09-02 18:34:25.054
-0.85,1.16,0.37,2025-09-02 18:34:25.869
-0.55,0.0,-0.24,2025-09-02 18:34:26.889
-0.61,0.18,0.06,2025-09-02 18:34:27.924
-0.18,-0.24,-0.31,2025-09-02 18:34:28.944
-0.61,0.43,0.0,2025-09-02 18:34:29.964
-0.61,0.43,0.0,2025-09-02 18:34:30.993
-17.21,-7.08,-9.46,2025-09-02 18:34:32.013
0.67,4.88,5.98,2025-09-02 18:34:33.033
0.43,-0.61,-7.57,2025-09-02 18:34:34.059
1.34,11.47,-2.08,2025-09-02 18:34:35.089
-1.77,-0.79,0.0,2025-09-02 18:34:35.909
-4.64,-2.32,1.77,2025-09-02 18:34:36.934
-1.16,1.95,0.37,2025-09-02 18:34:37.953
-0.37,-1.04,-0.06,2025-09-02 18:34:38.979
-0.67,1.04,0.12,2025-09-02 18:34:39.999
-0.67,-1.77,-0.06,2025-09-02 18:34:41.024
-0.73,-0.61,0.06,2025-09-02 18:34:42.061
-0.79,0.61,-0.12,2025-09-02 18:34:43.074
0.31,-0.06,-0.49,2025-09-02 18:34:44.094
-1.71,0.49,0.55,2025-09-02 18:34:45.124
-0.06,0.61,-0.37,2025-09-02 18:34:45.944
-0.37,1.59,0.31,2025-09-02 18:34:46.964
-0.61,-0.24,-0.43,2025-09-02 18:34:47.984
-0.67,0.06,-0.06,2025-09-02 18:34:49.014
-0.49,1.22,0.18,2025-09-02 18:34:50.034
-0.67,0.0,-0.24,2025-09-02 18:34:51.063
-0.61,0.73,0.24,2025-09-02 18:34:52.083
-0.37,-0.31,-0.31,2025-09-02 18:34:53.103
-0.55,0.85,0.37,2025-09-02 18:34:54.134
-0.49,0.0,-0.18,2025-09-02 18:34:55.154
-0.55,-0.67,-0.12,2025-09-02 18:34:55.974
-0.79,2.26,0.49,2025-09-02 18:34:56.999
-0.49,-0.06,-0.12,2025-09-02 18:34:58.018
-0.12,2.5,-0.12,2025-09-02 18:34:59.049
1.53,-9.89,0.0,2025-09-02 18:35:00.070
6.96,-6.77,-7.14,2025-09-02 18:35:01.095
0.55,-7.02,-1.83,2025-09-02 18:35:02.124
-1.16,-0.12,-1.04,2025-09-02 18:35:03.143
6.71,15.26,-33.2,2025-09-02 18:35:04.164
-0.98,1.1,-0.06,2025-09-02 18:35:05.192
-0.61,1.22,-0.18,2025-09-02 18:35:06.009
-0.61,0.12,0.0,2025-09-02 18:35:07.038
-0.79,-0.18,0.06,2025-09-02 18:35:08.053
-0.43,-0.12,-0.18,2025-09-02 18:35:09.078
-0.79,0.43,0.12,2025-09-02 18:35:10.304
-0.43,0.06,0.18,2025-09-02 18:35:11.134
-0.73,0.55,0.06,2025-09-02 18:35:12.153
2.2,-5.62,-1.89,2025-09-02 18:35:13.174
-40.04,-13.49,-59.57,2025-09-02 18:35:14.203
-0.06,0.31,-0.18,2025-09-02 18:35:15.238
-0.61,0.55,-0.24,2025-09-02 18:35:16.258
-0.73,-0.18,0.06,2025-09-02 18:35:17.072
-0.37,-0.12,-0.12,2025-09-02 18:35:18.093
-0.55,0.85,-0.06,2025-09-02 18:35:19.118
-0.37,1.16,0.06,2025-09-02 18:35:20.140
-0.67,0.18,0.18,2025-09-02 18:35:21.163
-0.43,0.37,-0.12,2025-09-02 18:35:22.192
-0.55,-0.24,0.0,2025-09-02 18:35:23.212
-0.67,0.55,0.18,2025-09-02 18:35:24.232
-0.85,0.79,0.0,2025-09-02 18:35:25.262
-0.61,-0.12,0.0,2025-09-02 18:35:26.289
-0.43,-0.12,-0.12,2025-09-02 18:35:27.109
-0.92,0.37,0.06,2025-09-02 18:35:28.133
-0.31,0.49,0.0,2025-09-02 18:35:29.152
-0.24,0.49,-0.06,2025-09-02 18:35:30.173
-0.31,0.0,-0.12,2025-09-02 18:35:31.203
8.48,14.34,19.23,2025-09-02 18:35:32.225
0.0,-1.59,-1.4,2025-09-02 18:35:33.243
-1.71,1.83,1.1,2025-09-02 18:35:34.273
-0.06,0.31,-5.07,2025-09-02 18:35:35.293
-0.37,0.06,-1.34,2025-09-02 18:35:36.323
-0.37,-0.37,0.0,2025-09-02 18:35:37.143
-0.73,0.43,0.18,2025-09-02 18:35:38.163
-0.49,-0.55,0.12,2025-09-02 18:35:39.183
-0.12,-1.4,-0.43,2025-09-02 18:35:40.211
-0.67,0.24,-0.06,2025-09-02 18:35:41.238
-0.79,0.92,0.12,2025-09-02 18:35:42.259
0.12,-0.79,-0.06,2025-09-02 18:35:43.283
-0.67,0.06,0.06,2025-09-02 18:35:44.303
-0.79,1.53,0.06,2025-09-02 18:35:45.333
-0.06,7.45,-4.33,2025-09-02 18:35:46.353
-1.4,-0.31,-1.1,2025-09-02 18:35:47.173
-1.65,-1.28,-1.1,2025-09-02 18:35:48.203
-1.83,-0.37,-1.1,2025-09-02 18:35:49.223
-1.22,-0.31,-0.49,2025-09-02 18:35:50.243
-0.85,0.0,-0.24,2025-09-02 18:35:51.271
-1.1,-0.24,-0.61,2025-09-02 18:35:52.293
-0.49,0.18,0.12,2025-09-02 18:35:53.323
-0.49,-0.79,-0.49,2025-09-02 18:35:54.348
-1.04,-0.43,-0.12,2025-09-02 18:35:55.363
-0.55,0.24,0.0,2025-09-02 18:35:56.393
-0.79,0.73,0.0,2025-09-02 18:35:57.213
-0.31,-0.37,-0.31,2025-09-02 18:35:58.233
-0.67,-0.24,-0.18,2025-09-02 18:35:59.253
0.0,-0.12,-0.06,2025-09-02 18:36:00.282
-0.37,-0.12,-0.18,2025-09-02 18:36:01.308
-0.92,0.49,-0.43,2025-09-02 18:36:02.333
-0.79,-0.12,-0.37,2025-09-02 18:36:03.353
-1.95,0.73,-0.06,2025-09-02 18:36:05.015
-0.24,0.43,-0.37,2025-09-02 18:36:05.403
-4.09,5.62,-4.39,2025-09-02 18:36:06.422
-0.24,-1.95,-0.31,2025-09-02 18:36:07.243
-1.4,8.67,-1.34,2025-09-02 18:36:08.271
-1.4,0.85,0.61,2025-09-02 18:36:09.300
-0.49,-0.79,-0.31,2025-09-02 18:36:10.314
-1.22,1.1,0.18,2025-09-02 18:36:11.342
-0.98,-0.06,0.37,2025-09-02 18:36:12.282
-1.83,8.67,-10.01,2025-09-02 18:36:13.391
-4.15,19.35,-4.64,2025-09-02 18:36:14.407
-1.53,-2.01,0.98,2025-09-02 18:36:15.437
-1.65,3.11,0.79,2025-09-02 18:36:16.461
-0.98,1.4,0.31,2025-09-02 18:36:17.281
-0.79,0.06,0.24,2025-09-02 18:36:18.308
-0.31,2.69,1.71,2025-09-02 18:36:19.323
-0.43,-1.1,0.0,2025-09-02 18:36:20.352
0.61,0.43,-0.31,2025-09-02 18:36:21.378
-0.73,-0.55,0.79,2025-09-02 18:36:22.403
-0.67,-0.24,-0.18,2025-09-02 18:36:23.423
-0.55,0.18,-0.12,2025-09-02 18:36:24.447
-0.73,0.61,0.24,2025-09-02 18:36:25.467
-0.67,0.79,0.49,2025-09-02 18:36:26.492
-0.92,1.16,0.49,2025-09-02 18:36:27.521
-1.65,0.92,0.24,2025-09-02 18:36:28.357
-4.76,-15.2,0.0,2025-09-02 18:36:29.362
-3.54,-1.89,0.24,2025-09-02 18:36:30.382
1.22,0.73,0.37,2025-09-02 18:36:31.412
-0.92,-0.85,0.0,2025-09-02 18:36:32.432
2.08,-4.64,1.46,2025-09-02 18:36:33.462
0.79,0.06,1.34,2025-09-02 18:36:34.482
0.61,-0.55,0.67,2025-09-02 18:36:35.503
-2.08,-0.61,0.79,2025-09-02 18:36:36.532
19.23,0.0,8.91,2025-09-02 18:36:37.552
-0.67,-2.38,-0.12,2025-09-02 18:36:38.382
11.05,10.56,8.06,2025-09-02 18:36:39.408
-0.24,0.85,0.24,2025-09-02 18:36:40.422
-0.73,-0.24,0.31,2025-09-02 18:36:41.447
-0.37,1.34,0.06,2025-09-02 18:36:42.467
-1.22,0.18,-0.24,2025-09-02 18:36:43.492
-0.55,0.0,-0.37,2025-09-02 18:36:44.522
-0.61,0.61,-0.06,2025-09-02 18:36:45.542
-0.67,0.49,0.12,2025-09-02 18:36:46.562
-0.55,-0.79,-0.31,2025-09-02 18:36:47.591
-0.43,-0.61,-0.12,2025-09-02 18:36:48.411
-0.43,0.31,-0.12,2025-09-02 18:36:49.431
-0.55,0.18,0.18,2025-09-02 18:36:50.457
-0.73,0.61,0.12,2025-09-02 18:36:51.477
-0.67,0.43,0.0,2025-09-02 18:36:52.502
-0.43,0.0,-0.18,2025-09-02 18:36:53.544
-0.67,0.31,0.31,2025-09-02 18:36:54.552
-0.98,0.12,0.12,2025-09-02 18:36:55.572
-0.43,-0.49,-0.06,2025-09-02 18:36:56.602
-0.31,-0.06,-0.31,2025-09-02 18:36:57.622
-0.49,-0.37,-0.12,2025-09-02 18:36:58.442
-0.61,0.43,-0.31,2025-09-02 18:36:59.471
-0.12,0.12,0.12,2025-09-02 18:37:00.487
-0.49,0.73,0.37,2025-09-02 18:37:01.512
-0.31,0.06,-0.06,2025-09-02 18:37:02.541
-1.04,0.06,-0.24,2025-09-02 18:37:03.562
-0.61,0.73,0.31,2025-09-02 18:37:04.587
-0.43,0.37,0.24,2025-09-02 18:37:05.612
-0.37,0.37,0.0,2025-09-02 18:37:06.632
-0.85,0.43,0.06,2025-09-02 18:37:07.661
-0.49,-0.43,-0.12,2025-09-02 18:37:08.481
-0.98,0.18,-0.12,2025-09-02 18:37:09.502
-0.43,0.24,0.06,2025-09-02 18:37:10.532
-0.43,0.24,-0.12,2025-09-02 18:37:11.550
-0.43,-0.37,-0.24,2025-09-02 18:37:12.576
-0.92,0.37,-0.06,2025-09-02 18:37:13.601
-0.79,0.98,0.12,2025-09-02 18:37:14.626
-0.73,0.31,0.18,2025-09-02 18:37:15.641
-0.18,0.18,-0.06,2025-09-02 18:37:16.671
0.55,-1.4,0.73,2025-09-02 18:37:17.697
1.89,-2.32,-1.4,2025-09-02 18:37:18.516
-0.73,0.24,-0.31,2025-09-02 18:37:19.540
-1.59,0.55,-0.31,2025-09-02 18:37:20.560
0.12,0.12,-0.18,2025-09-02 18:37:21.592
-0.31,0.12,0.18,2025-09-02 18:37:22.606
-0.24,-0.12,-0.12,2025-09-02 18:37:23.636
-0.49,0.06,0.06,2025-09-02 18:37:24.662
-0.49,0.43,0.12,2025-09-02 18:37:25.682
-0.12,0.24,-0.73,2025-09-02 18:37:26.701
-0.67,0.31,0.0,2025-09-02 18:37:27.732
-0.37,1.53,-1.04,2025-09-02 18:37:28.761
-3.17,-17.94,7.93,2025-09-02 18:37:29.571
53.83,-50.17,35.52,2025-09-02 18:37:30.602
-9.09,25.88,-20.08,2025-09-02 18:37:31.622
-0.55,0.24,0.0,2025-09-02 18:37:32.641
-0.61,0.24,0.0,2025-09-02 18:37:33.670
-0.61,0.24,0.0,2025-09-02 18:37:34.703
-0.55,0.18,0.0,2025-09-02 18:37:35.726
-0.55,0.24,0.0,2025-09-02 18:37:36.737
-0.55,0.24,0.0,2025-09-02 18:37:37.767
-0.61,0.24,0.0,2025-09-02 18:37:38.786
-0.67,0.12,0.0,2025-09-02 18:37:39.611
-70.5,-175.42,95.4,2025-09-02 18:37:40.631
3.91,8.3,11.72,2025-09-02 18:37:41.651
1.46,1.22,-1.04,2025-09-02 18:37:42.681
-2.01,4.58,0.73,2025-09-02 18:37:43.701
88.99,59.69,14.34,2025-09-02 18:37:44.727
-0.18,0.43,-0.67,2025-09-02 18:37:45.756
-2.5,1.89,0.43,2025-09-02 18:37:46.771
-1.28,0.55,-0.12,2025-09-02 18:37:47.801
-8.24,-11.05,8.61,2025-09-02 18:37:48.826
0.24,-0.73,-0.06,2025-09-02 18:37:49.641
0.79,-0.67,-1.16,2025-09-02 18:37:50.671
-2.14,1.1,0.12,2025-09-02 18:37:51.689
0.06,-0.61,-0.49,2025-09-02 18:37:52.724
-1.34,-0.55,-0.73,2025-09-02 18:37:53.736
-0.92,-0.06,-0.61,2025-09-02 18:37:54.766
-0.24,-0.31,0.18,2025-09-02 18:37:55.786
0.67,0.24,0.24,2025-09-02 18:37:56.806
0.06,-0.55,-1.28,2025-09-02 18:37:57.831
-3.23,1.83,-0.24,2025-09-02 18:37:58.861
-1.46,0.43,0.12,2025-09-02 18:37:59.675
-0.85,0.43,-0.24,2025-09-02 18:38:00.700
0.43,0.06,0.18,2025-09-02 18:38:01.730
5.07,10.13,-5.8,2025-09-02 18:38:02.750
18.49,-13.49,-26.55,2025-09-02 18:38:03.776
-6.53,-1.16,0.85,2025-09-02 18:38:04.796
1.59,-0.98,2.01,2025-09-02 18:38:05.821
79.41,-73.97,-48.71,2025-09-02 18:38:06.851
60.73,-60.55,23.56,2025-09-02 18:38:07.866
-0.73,-4.7,-2.93,2025-09-02 18:38:08.890
-96.25,139.71,-5.37,2025-09-02 18:38:09.711
-1.1,0.18,-1.53,2025-09-02 18:38:10.741
-7.08,18.92,7.32,2025-09-02 18:38:11.761
2.38,0.06,-1.28,2025-09-02 18:38:12.782
-1.83,1.4,-4.33,2025-09-02 18:38:13.811
-1.95,3.91,2.32,2025-09-02 18:38:14.831
-1.04,1.22,1.34,2025-09-02 18:38:15.860
-2.99,-4.21,0.37,2025-09-02 18:38:16.881
-1.4,2.69,-1.46,2025-09-02 18:38:17.906
-1.77,5.25,-0.43,2025-09-02 18:38:18.931
6.59,-10.38,-7.87,2025-09-02 18:38:19.750
19.78,35.46,-15.93,2025-09-02 18:38:20.775
-2.01,-5.8,-0.67,2025-09-02 18:38:21.802
-0.31,-0.98,-0.18,2025-09-02 18:38:22.821
-1.46,2.5,0.43,2025-09-02 18:38:23.840
-0.79,0.55,0.31,2025-09-02 18:38:24.869
-0.37,-0.61,-0.49,2025-09-02 18:38:25.895
-0.24,-0.43,-0.49,2025-09-02 18:38:26.920
-0.37,-0.12,0.12,2025-09-02 18:38:27.936
-0.12,0.67,0.06,2025-09-02 18:38:28.965
28.63,17.58,-2.08,2025-09-02 18:38:29.780
-1.04,1.59,0.37,2025-09-02 18:38:30.810
-0.06,-0.31,0.12,2025-09-02 18:38:31.830
-0.61,-2.87,-0.24,2025-09-02 18:38:32.855
0.37,-2.38,-1.04,2025-09-02 18:38:33.980
0.55,-0.67,1.1,2025-09-02 18:38:34.507
-0.43,-0.79,0.61,2025-09-02 18:38:35.925
-1.34,0.92,-0.12,2025-09-02 18:38:36.955
-0.06,-0.43,-0.18,2025-09-02 18:38:37.970
-0.61,0.18,-0.12,2025-09-02 18:38:38.995
-0.67,1.4,1.53,2025-09-02 18:38:40.376
19.17,7.45,-4.33,2025-09-02 18:38:40.860
0.0,-0.73,-0.85,2025-09-02 18:38:41.870
-0.49,-0.06,-0.18,2025-09-02 18:38:42.889
-0.85,0.18,-0.18,2025-09-02 18:38:43.919
0.06,-0.37,-0.37,2025-09-02 18:38:44.940
0.43,-1.34,0.24,2025-09-02 18:38:45.960
-0.67,0.37,0.0,2025-09-02 18:38:46.989
-0.37,-0.06,-0.43,2025-09-02 18:38:48.013
-1.1,0.12,-0.37,2025-09-02 18:38:49.030
-0.24,-0.98,-0.24,2025-09-02 18:38:50.063
-0.06,-0.24,0.31,2025-09-02 18:38:50.880
-0.61,1.04,0.06,2025-09-02 18:38:51.900
-0.49,0.06,-0.06,2025-09-02 18:38:52.925
-0.31,-0.43,-0.18,2025-09-02 18:38:53.946
-0.79,1.65,0.12,2025-09-02 18:38:54.980
-0.55,0.31,0.18,2025-09-02 18:38:56.000
-0.43,-0.12,0.06,2025-09-02 18:38:57.020
-0.31,-0.37,0.18,2025-09-02 18:38:58.050
-0.49,0.24,0.24,2025-09-02 18:38:59.071
-0.85,0.43,-0.12,2025-09-02 18:39:00.093
-0.43,0.49,0.24,2025-09-02 18:39:00.913
-0.12,-0.55,-0.24,2025-09-02 18:39:01.940
-1.22,1.34,-0.06,2025-09-02 18:39:02.960
-0.49,0.0,-0.12,2025-09-02 18:39:03.980
-0.55,0.0,-0.06,2025-09-02 18:39:05.010
-0.49,0.43,0.06,2025-09-02 18:39:06.030
-0.79,0.61,-0.24,2025-09-02 18:39:07.060
-0.67,0.37,0.31,2025-09-02 18:39:08.080
-0.55,0.24,-0.24,2025-09-02 18:39:09.102
-0.31,0.06,0.0,2025-09-02 18:39:10.126
-0.73,0.31,0.0,2025-09-02 18:39:10.945
-0.49,0.06,0.12,2025-09-02 18:39:11.970
-0.55,0.43,0.18,2025-09-02 18:39:13.000
-0.85,0.85,0.06,2025-09-02 18:39:14.019
-0.37,-0.18,-0.37,2025-09-02 18:39:15.040
50.9,136.6,-41.2,2025-09-02 18:39:16.071
-0.79,0.98,-0.18,2025-09-02 18:39:17.095
-0.18,0.0,0.18,2025-09-02 18:39:18.115
-0.43,-0.06,-0.49,2025-09-02 18:39:19.140
-0.79,0.43,-0.12,2025-09-02 18:39:20.165
-0.18,-2.99,0.06,2025-09-02 18:39:20.985
1.28,-0.24,0.73,2025-09-02 18:39:22.035
-1.04,1.16,-0.31,2025-09-02 18:39:23.034
-0.55,-0.31,-0.24,2025-09-02 18:39:24.054
-0.18,-0.49,0.37,2025-09-02 18:39:25.079
-0.18,-0.49,-0.12,2025-09-02 18:39:26.099
-0.67,0.67,0.18,2025-09-02 18:39:27.125
-0.49,-0.18,-0.24,2025-09-02 18:39:28.154
-0.73,0.24,0.12,2025-09-02 18:39:29.169
-0.67,-0.06,-0.12,2025-09-02 18:39:30.200
-0.61,0.85,0.24,2025-09-02 18:39:31.234
-2.87,-14.4,31.19,2025-09-02 18:39:32.040
-0.67,0.12,-0.55,2025-09-02 18:39:33.069
-0.73,-0.06,-0.31,2025-09-02 18:39:34.095
-0.37,-0.73,-0.24,2025-09-02 18:39:35.108
-0.49,-0.37,-0.31,2025-09-02 18:39:36.140
-0.49,-0.12,-0.12,2025-09-02 18:39:37.159
-0.49,0.0,-0.37,2025-09-02 18:39:38.185
-0.12,-0.79,0.12,2025-09-02 18:39:39.209
17.52,4.52,-20.45,2025-09-02 18:39:40.229
-0.49,-0.31,-0.55,2025-09-02 18:39:41.049
-0.61,0.85,0.31,2025-09-02 18:39:42.074
-0.67,0.06,-0.43,2025-09-02 18:39:43.098
-0.55,-0.12,-0.06,2025-09-02 18:39:44.124
-0.55,0.18,-0.06,2025-09-02 18:39:45.159
-0.67,0.79,0.31,2025-09-02 18:39:46.169
-0.31,-1.1,-0.67,2025-09-02 18:39:47.199
-0.49,-0.61,-0.49,2025-09-02 18:39:48.224
-0.92,0.85,0.18,2025-09-02 18:39:49.249
-0.55,-0.06,-0.24,2025-09-02 18:39:50.269
-0.49,-0.55,-0.18,2025-09-02 18:39:51.289
21.91,-56.76,12.21,2025-09-02 18:39:52.114
-0.67,-0.49,-0.24,2025-09-02 18:39:53.134
-0.18,-0.61,-0.55,2025-09-02 18:39:54.164
-0.18,-0.92,-0.37,2025-09-02 18:39:55.184
-0.49,0.12,0.24,2025-09-02 18:39:56.209
13.92,14.77,-3.66,2025-09-02 18:39:57.229
-0.79,-0.85,0.06,2025-09-02 18:39:58.259
-0.31,-1.28,-0.43,2025-09-02 18:39:59.280
-0.24,-0.55,0.24,2025-09-02 18:40:00.299
-0.43,0.37,0.18,2025-09-02 18:40:01.329
27.04,2.5,-26.25,2025-09-02 18:40:02.153
-14.71,9.83,-1.1,2025-09-02 18:40:03.169
0.67,-1.34,0.61,2025-09-02 18:40:04.200
2.62,-6.77,-0.79,2025-09-02 18:40:05.219
3.54,-5.74,1.04,2025-09-02 18:40:06.239
0.49,-1.46,0.37,2025-09-02 18:40:07.269
0.24,-1.53,-0.06,2025-09-02 18:40:08.289
-0.31,-0.79,-0.67,2025-09-02 18:40:09.319
-0.85,0.49,-0.31,2025-09-02 18:40:10.339
-0.12,-0.61,-0.18,2025-09-02 18:40:11.359
-0.24,-0.18,0.37,2025-09-02 18:40:12.180
-0.55,0.12,-0.06,2025-09-02 18:40:13.204
-0.12,-1.04,-0.49,2025-09-02 18:40:14.234
16.36,-17.46,-4.52,2025-09-02 18:40:15.259
0.31,-1.53,0.06,2025-09-02 18:40:16.279
0.24,-1.77,0.24,2025-09-02 18:40:17.299
-1.04,0.31,0.18,2025-09-02 18:40:18.329
-0.67,0.49,0.12,2025-09-02 18:40:19.349
-0.61,0.06,-0.37,2025-09-02 18:40:20.379
-0.61,0.18,0.12,2025-09-02 18:40:21.395
-0.73,0.0,-0.12,2025-09-02 18:40:22.219
-0.79,0.24,0.18,2025-09-02 18:40:23.239
-0.61,0.37,0.0,2025-09-02 18:40:24.273
-0.12,-0.24,-0.31,2025-09-02 18:40:25.289
-0.49,0.06,0.31,2025-09-02 18:40:26.308
2.81,-0.73,-12.82,2025-09-02 18:40:27.339
-0.73,-0.12,0.67,2025-09-02 18:40:28.359
-0.31,-0.67,-0.18,2025-09-02 18:40:29.388
-0.49,-0.06,0.18,2025-09-02 18:40:30.403
-0.12,-0.73,0.0,2025-09-02 18:40:31.429
-0.79,0.61,0.31,2025-09-02 18:40:32.259
-1.16,-0.61,-1.34,2025-09-02 18:40:33.278
-0.49,0.12,0.18,2025-09-02 18:40:34.303
-0.67,0.37,0.06,2025-09-02 18:40:35.328
-0.67,-0.24,-0.37,2025-09-02 18:40:36.349
-0.61,0.24,-0.12,2025-09-02 18:40:37.368
-0.49,0.0,-0.06,2025-09-02 18:40:38.399
-0.31,-0.67,0.12,2025-09-02 18:40:39.420
-0.79,1.04,0.31,2025-09-02 18:40:40.444
-0.73,0.37,-0.06,2025-09-02 18:40:41.464
-0.85,1.1,0.24,2025-09-02 18:40:42.284
-0.61,7.63,2.44,2025-09-02 18:40:43.314
-0.92,0.31,0.31,2025-09-02 18:40:44.339
-0.43,0.61,0.37,2025-09-02 18:40:45.358
0.12,-0.55,0.06,2025-09-02 18:40:46.394
-1.04,2.38,0.79,2025-09-02 18:40:47.408
-1.95,1.53,-0.43,2025-09-02 18:40:48.438
1.4,-3.91,0.37,2025-09-02 18:40:49.461
-1.95,8.91,-1.89,2025-09-02 18:40:50.478
-0.92,0.98,-0.61,2025-09-02 18:40:51.498
-0.73,0.73,-0.06,2025-09-02 18:40:52.528
-0.79,0.79,0.06,2025-09-02 18:40:53.348
-0.31,-0.79,-0.18,2025-09-02 18:40:54.373
-16.17,6.65,-7.26,2025-09-02 18:40:55.394
-0.49,-0.92,-0.55,2025-09-02 18:40:56.413
-0.85,0.73,0.18,2025-09-02 18:40:57.443
-0.37,-0.98,-0.24,2025-09-02 18:40:58.463
-0.61,0.43,0.0,2025-09-02 18:40:59.488
-2.44,-13.79,39.0,2025-09-02 18:41:00.523
-0.67,-0.85,-0.49,2025-09-02 18:41:01.539
-0.79,0.92,0.06,2025-09-02 18:41:02.568
-0.37,-0.43,0.06,2025-09-02 18:41:03.379
-0.73,0.79,0.37,2025-09-02 18:41:04.408
-0.61,-0.12,-0.12,2025-09-02 18:41:05.433
-0.67,0.61,0.0,2025-09-02 18:41:06.453
-0.79,0.55,0.06,2025-09-02 18:41:07.477
-0.92,0.85,0.06,2025-09-02 18:41:08.503
-0.37,-0.55,-0.12,2025-09-02 18:41:09.528
0.67,-29.11,-11.41,2025-09-02 18:41:10.548
4.76,-8.73,-3.91,2025-09-02 18:41:11.568
7.75,-6.53,-1.71,2025-09-02 18:41:12.499
0.18,-1.59,-0.92,2025-09-02 18:41:13.418
6.41,-48.03,22.83,2025-09-02 18:41:14.443
-1.28,0.92,-0.06,2025-09-02 18:41:15.463
0.18,-1.34,-0.24,2025-09-02 18:41:16.488
-0.06,-0.43,0.24,2025-09-02 18:41:17.518
-0.61,0.12,-0.49,2025-09-02 18:41:18.538
-0.06,-1.28,-0.31,2025-09-02 18:41:19.558
-0.55,0.24,0.0,2025-09-02 18:41:20.587
-0.55,0.06,0.0,2025-09-02 18:41:21.610
-0.79,0.79,0.12,2025-09-02 18:41:22.633
-0.79,0.43,0.12,2025-09-02 18:41:23.458
-0.61,0.43,-0.12,2025-09-02 18:41:24.472
-0.37,0.18,-0.24,2025-09-02 18:41:25.498
-0.61,0.55,0.0,2025-09-02 18:41:26.523
-0.79,0.61,-0.06,2025-09-02 18:41:27.543
20.69,-14.71,32.47,2025-09-02 18:41:28.573
-0.61,-0.06,-0.24,2025-09-02 18:41:29.597
0.0,-0.55,-0.06,2025-09-02 18:41:30.616
-0.49,-0.31,-0.43,2025-09-02 18:41:31.648
-0.06,-0.37,-0.06,2025-09-02 18:41:32.667
-0.79,0.55,0.06,2025-09-02 18:41:33.503
-0.49,-0.18,0.0,2025-09-02 18:41:34.510
-0.85,0.67,0.18,2025-09-02 18:41:35.538
-0.79,0.31,-0.06,2025-09-02 18:41:36.558
-0.73,0.43,0.0,2025-09-02 18:41:37.582
29.48,-26.31,-1.71,2025-09-02 18:41:38.608
-0.79,-0.37,-0.61,2025-09-02 18:41:39.637
-0.73,0.49,15.44,2025-09-02 18:41:40.658
-0.55,0.67,0.06,2025-09-02 18:41:41.678
-0.79,0.43,-0.24,2025-09-02 18:41:42.698
-1.04,0.98,0.0,2025-09-02 18:41:43.517
-0.61,-0.06,-0.31,2025-09-02 18:41:44.548
-0.85,1.34,0.18,2025-09-02 18:41:45.567
-0.61,-0.18,-0.24,2025-09-02 18:41:46.597
-0.37,0.18,0.12,2025-09-02 18:41:47.612
-0.55,0.61,0.12,2025-09-02 18:41:48.638
-0.79,0.31,-0.12,2025-09-02 18:41:49.675
-0.55,0.06,0.06,2025-09-02 18:41:50.695
-0.43,0.18,0.24,2025-09-02 18:41:51.716
-0.24,-0.49,-0.24,2025-09-02 18:41:52.736
-0.79,0.43,-0.12,2025-09-02 18:41:53.556
-1.65,2.81,0.43,2025-09-02 18:41:54.585
-0.85,0.55,0.31,2025-09-02 18:41:55.607
-0.79,0.18,-0.12,2025-09-02 18:41:56.627
-1.04,1.59,0.24,2025-09-02 18:41:57.647
-0.43,0.37,0.0,2025-09-02 18:41:58.673
0.0,0.12,-0.18,2025-09-02 18:41:59.703
-0.92,0.67,-0.12,2025-09-02 18:42:00.727
-0.49,0.12,0.06,2025-09-02 18:42:01.747
-0.67,0.06,-0.37,2025-09-02 18:42:02.772
-0.67,0.24,-0.12,2025-09-02 18:42:03.806
-0.37,0.06,0.0,2025-09-02 18:42:04.616
-0.49,0.18,0.06,2025-09-02 18:42:05.642
-0.55,0.37,0.06,2025-09-02 18:42:06.662
-0.18,-0.24,0.12,2025-09-02 18:42:07.687
-0.67,0.12,-0.24,2025-09-02 18:42:08.715
-0.55,0.12,-0.37,2025-09-02 18:42:10.253
-0.55,0.12,0.06,2025-09-02 18:42:10.762
-0.61,0.43,0.18,2025-09-02 18:42:11.782
-0.49,-0.18,-0.24,2025-09-02 18:42:12.807
-0.67,0.37,0.12,2025-09-02 18:42:13.837
-0.24,-0.43,-0.18,2025-09-02 18:42:14.647
-0.43,3.36,0.31,2025-09-02 18:42:15.683
-0.67,-10.5,-2.62,2025-09-02 18:42:16.697
-0.24,-1.04,-0.55,2025-09-02 18:42:17.727
-25.33,11.9,83.86,2025-09-02 18:42:18.743
0.24,-0.85,-0.24,2025-09-02 18:42:19.767
-0.24,-0.18,-0.67,2025-09-02 18:42:20.797
-0.24,-0.31,-0.12,2025-09-02 18:42:21.817
-0.24,-0.49,-0.24,2025-09-02 18:42:22.847
-8.67,-23.13,10.07,2025-09-02 18:42:23.867
-2.2,2.38,-0.31,2025-09-02 18:42:24.693
-1.04,0.61,-0.12,2025-09-02 18:42:25.707
-0.37,-0.31,-0.06,2025-09-02 18:42:26.744
-0.61,-0.12,-0.24,2025-09-02 18:42:27.757
-0.67,0.37,-0.06,2025-09-02 18:42:28.777
-0.49,-0.12,-0.24,2025-09-02 18:42:29.802
-0.67,0.37,0.0,2025-09-02 18:42:30.831
-0.67,0.73,0.0,2025-09-02 18:42:31.853
-0.67,0.43,0.0,2025-09-02 18:42:32.882
-0.67,0.61,-0.06,2025-09-02 18:42:33.897
-8.06,-5.86,10.99,2025-09-02 18:42:34.717
-1.28,2.26,-0.43,2025-09-02 18:42:35.747
-0.43,0.61,-0.43,2025-09-02 18:42:36.767
-0.31,-0.12,-0.18,2025-09-02 18:42:37.797
-0.43,0.12,-0.06,2025-09-02 18:42:38.817
-0.49,0.49,0.06,2025-09-02 18:42:39.842
-0.79,0.61,-0.12,2025-09-02 18:42:40.865
-0.67,0.49,0.06,2025-09-02 18:42:41.887
-0.92,0.85,0.0,2025-09-02 18:42:42.917
-0.06,-0.49,0.06,2025-09-02 18:42:43.937
-0.43,-0.31,-0.24,2025-09-02 18:42:44.753
-0.79,0.55,0.18,2025-09-02 18:42:45.776
28.44,26.18,-4.21,2025-09-02 18:42:46.807
-1.22,0.31,-1.59,2025-09-02 18:42:47.826
2.26,-4.52,0.49,2025-09-02 18:42:48.851
-0.24,-0.12,0.31,2025-09-02 18:42:49.878
-0.61,-0.06,0.73,2025-09-02 18:42:50.897
1.28,-4.27,-1.16,2025-09-02 18:42:51.927
4.46,-5.92,-5.8,2025-09-02 18:42:52.952
-0.37,-0.12,0.37,2025-09-02 18:42:53.971
0.18,-1.34,-0.06,2025-09-02 18:42:55.005
-0.67,1.1,0.31,2025-09-02 18:42:55.815
-0.31,0.0,0.31,2025-09-02 18:42:56.842
-0.49,0.0,0.0,2025-09-02 18:42:57.861
-0.37,-0.06,0.06,2025-09-02 18:42:58.887
10.62,7.87,7.57,2025-09-02 18:42:59.907
6.23,-8.0,-2.69,2025-09-02 18:43:00.931
-0.92,1.16,-0.18,2025-09-02 18:43:01.961
-0.49,0.49,0.24,2025-09-02 18:43:02.981
-0.79,-0.06,-0.43,2025-09-02 18:43:04.016
-0.92,0.79,0.18,2025-09-02 18:43:05.035
-0.06,-0.61,0.0,2025-09-02 18:43:05.846
-0.67,-0.24,-0.43,2025-09-02 18:43:06.877
0.73,7.14,1.1,2025-09-02 18:43:07.898
-1.16,-0.61,1.95,2025-09-02 18:43:08.926
-0.79,1.22,0.31,2025-09-02 18:43:09.947
-0.55,0.24,-0.24,2025-09-02 18:43:10.966
-0.43,0.18,0.06,2025-09-02 18:43:11.991
-0.73,0.61,0.18,2025-09-02 18:43:13.021
-0.92,0.37,-0.06,2025-09-02 18:43:14.046
-0.18,-0.06,-0.12,2025-09-02 18:43:15.066
11.78,-28.14,7.32,2025-09-02 18:43:15.886
-0.67,0.55,0.31,2025-09-02 18:43:16.910
-0.43,-0.06,0.0,2025-09-02 18:43:17.936
-0.67,0.37,0.12,2025-09-02 18:43:18.983
-0.73,0.37,-0.18,2025-09-02 18:43:19.981
-0.37,-0.43,0.0,2025-09-02 18:43:21.006
-0.79,0.43,0.0,2025-09-02 18:43:22.031
-0.49,0.49,-0.12,2025-09-02 18:43:23.051
14.34,14.95,-3.23,2025-09-02 18:43:24.081
-0.49,5.68,3.72,2025-09-02 18:43:25.101
-8.0,-7.14,5.98,2025-09-02 18:43:25.920
52.61,-54.26,-31.37,2025-09-02 18:43:26.945
-0.61,0.24,0.0,2025-09-02 18:43:27.965
-0.55,0.24,0.0,2025-09-02 18:43:28.991
-0.55,0.24,0.0,2025-09-02 18:43:30.016
-0.55,0.24,0.0,2025-09-02 18:43:31.043
-0.55,0.18,0.0,2025-09-02 18:43:32.064
-0.55,0.24,0.0,2025-09-02 18:43:33.086
-0.55,0.24,0.0,2025-09-02 18:43:34.116
-0.55,0.18,0.0,2025-09-02 18:43:35.136
